USE warehouse_management;
SET FOREIGN_KEY_CHECKS=0;

INSERT INTO warehouses (warehouse_id, warehouse_name, warehouse_type, address, contact_person, phone_number) VALUES (1, 'Carlfurt Hub', 'regional', '699 Lee Key Suite 598, New Briannaburgh, SC 70546', 'Matthew Banks', '+1-332-277-0289x225');
INSERT INTO warehouses (warehouse_id, warehouse_name, warehouse_type, address, contact_person, phone_number) VALUES (2, 'New Meganport Hub', 'regional', 'USS Berry, FPO AP 44910', 'Carolyn Sullivan', '(447)466-8288');
INSERT INTO warehouses (warehouse_id, warehouse_name, warehouse_type, address, contact_person, phone_number) VALUES (3, 'New Pamelaborough Hub', 'regional', '59037 Adam Dam Suite 900, West Jamesburgh, HI 01301', 'April Thomas', '001-660-285-6150x6481');
INSERT INTO warehouses (warehouse_id, warehouse_name, warehouse_type, address, contact_person, phone_number) VALUES (4, 'New Angelatown Hub', 'regional', '9934 Anthony Avenue, North Edwardbury, WI 44407', 'Dylan Huff', '(833)824-0038x300');
INSERT INTO warehouses (warehouse_id, warehouse_name, warehouse_type, address, contact_person, phone_number) VALUES (5, 'Shirleyburgh Hub', 'regional', '7802 Michelle Vista, Deanchester, MH 87867', 'Charles Robinson', '321.547.9635x503');
INSERT INTO locations (warehouse_id, location, capacity, utilization) VALUES (1, 'Z-07-01', 9645, 0);
INSERT INTO locations (warehouse_id, location, capacity, utilization) VALUES (1, 'Z-17-02', 4327, 0);
INSERT INTO locations (warehouse_id, location, capacity, utilization) VALUES (1, 'Z-10-03', 6215, 0);
INSERT INTO locations (warehouse_id, location, capacity, utilization) VALUES (1, 'Z-16-04', 7786, 0);
INSERT INTO locations (warehouse_id, location, capacity, utilization) VALUES (1, 'Z-05-05', 9255, 0);
INSERT INTO locations (warehouse_id, location, capacity, utilization) VALUES (1, 'Z-16-06', 7782, 0);
INSERT INTO locations (warehouse_id, location, capacity, utilization) VALUES (1, 'Z-11-07', 8597, 0);
INSERT INTO locations (warehouse_id, location, capacity, utilization) VALUES (1, 'Z-18-08', 5945, 0);
INSERT INTO locations (warehouse_id, location, capacity, utilization) VALUES (1, 'Z-13-09', 2399, 0);
INSERT INTO locations (warehouse_id, location, capacity, utilization) VALUES (1, 'Z-06-10', 5985, 0);
INSERT INTO locations (warehouse_id, location, capacity, utilization) VALUES (1, 'Z-01-11', 3122, 0);
INSERT INTO locations (warehouse_id, location, capacity, utilization) VALUES (1, 'Z-04-12', 3312, 0);
INSERT INTO locations (warehouse_id, location, capacity, utilization) VALUES (1, 'Z-08-13', 4867, 0);
INSERT INTO locations (warehouse_id, location, capacity, utilization) VALUES (1, 'Z-02-14', 3255, 0);
INSERT INTO locations (warehouse_id, location, capacity, utilization) VALUES (1, 'Z-09-15', 8864, 0);
INSERT INTO locations (warehouse_id, location, capacity, utilization) VALUES (1, 'Z-16-16', 5673, 0);
INSERT INTO locations (warehouse_id, location, capacity, utilization) VALUES (1, 'Z-03-17', 8222, 0);
INSERT INTO locations (warehouse_id, location, capacity, utilization) VALUES (1, 'Z-10-18', 8158, 0);
INSERT INTO locations (warehouse_id, location, capacity, utilization) VALUES (1, 'Z-16-19', 5207, 0);
INSERT INTO locations (warehouse_id, location, capacity, utilization) VALUES (1, 'Z-07-20', 7381, 0);
INSERT INTO locations (warehouse_id, location, capacity, utilization) VALUES (1, 'Z-08-21', 8479, 0);
INSERT INTO locations (warehouse_id, location, capacity, utilization) VALUES (1, 'Z-05-22', 5948, 0);
INSERT INTO locations (warehouse_id, location, capacity, utilization) VALUES (1, 'Z-20-23', 4020, 0);
INSERT INTO locations (warehouse_id, location, capacity, utilization) VALUES (1, 'Z-12-24', 4224, 0);
INSERT INTO locations (warehouse_id, location, capacity, utilization) VALUES (1, 'Z-02-25', 4471, 0);
INSERT INTO locations (warehouse_id, location, capacity, utilization) VALUES (1, 'Z-05-26', 5369, 0);
INSERT INTO locations (warehouse_id, location, capacity, utilization) VALUES (1, 'Z-15-27', 5192, 0);
INSERT INTO locations (warehouse_id, location, capacity, utilization) VALUES (1, 'Z-02-28', 6704, 0);
INSERT INTO locations (warehouse_id, location, capacity, utilization) VALUES (1, 'Z-11-29', 4171, 0);
INSERT INTO locations (warehouse_id, location, capacity, utilization) VALUES (1, 'Z-08-30', 5528, 0);
INSERT INTO locations (warehouse_id, location, capacity, utilization) VALUES (1, 'Z-15-31', 3906, 0);
INSERT INTO locations (warehouse_id, location, capacity, utilization) VALUES (1, 'Z-14-32', 9528, 0);
INSERT INTO locations (warehouse_id, location, capacity, utilization) VALUES (1, 'Z-08-33', 7149, 0);
INSERT INTO locations (warehouse_id, location, capacity, utilization) VALUES (1, 'Z-12-34', 2894, 0);
INSERT INTO locations (warehouse_id, location, capacity, utilization) VALUES (1, 'Z-20-35', 7955, 0);
INSERT INTO locations (warehouse_id, location, capacity, utilization) VALUES (1, 'Z-12-36', 3442, 0);
INSERT INTO locations (warehouse_id, location, capacity, utilization) VALUES (1, 'Z-13-37', 9006, 0);
INSERT INTO locations (warehouse_id, location, capacity, utilization) VALUES (1, 'Z-04-38', 7054, 0);
INSERT INTO locations (warehouse_id, location, capacity, utilization) VALUES (1, 'Z-02-39', 9073, 0);
INSERT INTO locations (warehouse_id, location, capacity, utilization) VALUES (1, 'Z-06-40', 9719, 0);
INSERT INTO locations (warehouse_id, location, capacity, utilization) VALUES (1, 'Z-13-41', 5907, 0);
INSERT INTO locations (warehouse_id, location, capacity, utilization) VALUES (1, 'Z-13-42', 5992, 0);
INSERT INTO locations (warehouse_id, location, capacity, utilization) VALUES (1, 'Z-04-43', 3341, 0);
INSERT INTO locations (warehouse_id, location, capacity, utilization) VALUES (1, 'Z-08-44', 7881, 0);
INSERT INTO locations (warehouse_id, location, capacity, utilization) VALUES (1, 'Z-11-45', 4343, 0);
INSERT INTO locations (warehouse_id, location, capacity, utilization) VALUES (1, 'Z-04-46', 8189, 0);
INSERT INTO locations (warehouse_id, location, capacity, utilization) VALUES (1, 'Z-07-47', 3781, 0);
INSERT INTO locations (warehouse_id, location, capacity, utilization) VALUES (1, 'Z-19-48', 7735, 0);
INSERT INTO locations (warehouse_id, location, capacity, utilization) VALUES (1, 'Z-11-49', 2953, 0);
INSERT INTO locations (warehouse_id, location, capacity, utilization) VALUES (1, 'Z-14-50', 7513, 0);
INSERT INTO locations (warehouse_id, location, capacity, utilization) VALUES (1, 'Z-07-51', 9680, 0);
INSERT INTO locations (warehouse_id, location, capacity, utilization) VALUES (1, 'Z-09-52', 5792, 0);
INSERT INTO locations (warehouse_id, location, capacity, utilization) VALUES (1, 'Z-03-53', 7024, 0);
INSERT INTO locations (warehouse_id, location, capacity, utilization) VALUES (1, 'Z-15-54', 6704, 0);
INSERT INTO locations (warehouse_id, location, capacity, utilization) VALUES (1, 'Z-12-55', 3769, 0);
INSERT INTO locations (warehouse_id, location, capacity, utilization) VALUES (1, 'Z-08-56', 2353, 0);
INSERT INTO locations (warehouse_id, location, capacity, utilization) VALUES (1, 'Z-11-57', 2105, 0);
INSERT INTO locations (warehouse_id, location, capacity, utilization) VALUES (1, 'Z-15-58', 4877, 0);
INSERT INTO locations (warehouse_id, location, capacity, utilization) VALUES (1, 'Z-04-59', 9976, 0);
INSERT INTO locations (warehouse_id, location, capacity, utilization) VALUES (1, 'Z-16-60', 5895, 0);
INSERT INTO locations (warehouse_id, location, capacity, utilization) VALUES (2, 'Z-16-01', 3267, 0);
INSERT INTO locations (warehouse_id, location, capacity, utilization) VALUES (2, 'Z-02-02', 2125, 0);
INSERT INTO locations (warehouse_id, location, capacity, utilization) VALUES (2, 'Z-12-03', 9628, 0);
INSERT INTO locations (warehouse_id, location, capacity, utilization) VALUES (2, 'Z-17-04', 7718, 0);
INSERT INTO locations (warehouse_id, location, capacity, utilization) VALUES (2, 'Z-13-05', 7601, 0);
INSERT INTO locations (warehouse_id, location, capacity, utilization) VALUES (2, 'Z-20-06', 8148, 0);
INSERT INTO locations (warehouse_id, location, capacity, utilization) VALUES (2, 'Z-06-07', 4929, 0);
INSERT INTO locations (warehouse_id, location, capacity, utilization) VALUES (2, 'Z-10-08', 8825, 0);
INSERT INTO locations (warehouse_id, location, capacity, utilization) VALUES (2, 'Z-01-09', 2152, 0);
INSERT INTO locations (warehouse_id, location, capacity, utilization) VALUES (2, 'Z-09-10', 8889, 0);
INSERT INTO locations (warehouse_id, location, capacity, utilization) VALUES (2, 'Z-01-11', 5733, 0);
INSERT INTO locations (warehouse_id, location, capacity, utilization) VALUES (2, 'Z-11-12', 9794, 0);
INSERT INTO locations (warehouse_id, location, capacity, utilization) VALUES (2, 'Z-11-13', 4975, 0);
INSERT INTO locations (warehouse_id, location, capacity, utilization) VALUES (2, 'Z-16-14', 4290, 0);
INSERT INTO locations (warehouse_id, location, capacity, utilization) VALUES (2, 'Z-18-15', 7246, 0);
INSERT INTO locations (warehouse_id, location, capacity, utilization) VALUES (2, 'Z-06-16', 5426, 0);
INSERT INTO locations (warehouse_id, location, capacity, utilization) VALUES (2, 'Z-02-17', 9204, 0);
INSERT INTO locations (warehouse_id, location, capacity, utilization) VALUES (2, 'Z-19-18', 9833, 0);
INSERT INTO locations (warehouse_id, location, capacity, utilization) VALUES (2, 'Z-14-19', 6482, 0);
INSERT INTO locations (warehouse_id, location, capacity, utilization) VALUES (2, 'Z-18-20', 4801, 0);
INSERT INTO locations (warehouse_id, location, capacity, utilization) VALUES (2, 'Z-14-21', 2439, 0);
INSERT INTO locations (warehouse_id, location, capacity, utilization) VALUES (2, 'Z-12-22', 6185, 0);
INSERT INTO locations (warehouse_id, location, capacity, utilization) VALUES (2, 'Z-14-23', 2876, 0);
INSERT INTO locations (warehouse_id, location, capacity, utilization) VALUES (2, 'Z-18-24', 5795, 0);
INSERT INTO locations (warehouse_id, location, capacity, utilization) VALUES (2, 'Z-19-25', 9768, 0);
INSERT INTO locations (warehouse_id, location, capacity, utilization) VALUES (2, 'Z-03-26', 2707, 0);
INSERT INTO locations (warehouse_id, location, capacity, utilization) VALUES (2, 'Z-06-27', 9716, 0);
INSERT INTO locations (warehouse_id, location, capacity, utilization) VALUES (2, 'Z-06-28', 2210, 0);
INSERT INTO locations (warehouse_id, location, capacity, utilization) VALUES (2, 'Z-17-29', 5509, 0);
INSERT INTO locations (warehouse_id, location, capacity, utilization) VALUES (2, 'Z-01-30', 3868, 0);
INSERT INTO locations (warehouse_id, location, capacity, utilization) VALUES (2, 'Z-01-31', 8970, 0);
INSERT INTO locations (warehouse_id, location, capacity, utilization) VALUES (2, 'Z-13-32', 3573, 0);
INSERT INTO locations (warehouse_id, location, capacity, utilization) VALUES (2, 'Z-03-33', 7926, 0);
INSERT INTO locations (warehouse_id, location, capacity, utilization) VALUES (2, 'Z-12-34', 5602, 0);
INSERT INTO locations (warehouse_id, location, capacity, utilization) VALUES (2, 'Z-19-35', 3342, 0);
INSERT INTO locations (warehouse_id, location, capacity, utilization) VALUES (2, 'Z-13-36', 5614, 0);
INSERT INTO locations (warehouse_id, location, capacity, utilization) VALUES (2, 'Z-04-37', 4670, 0);
INSERT INTO locations (warehouse_id, location, capacity, utilization) VALUES (2, 'Z-14-38', 2542, 0);
INSERT INTO locations (warehouse_id, location, capacity, utilization) VALUES (2, 'Z-16-39', 4868, 0);
INSERT INTO locations (warehouse_id, location, capacity, utilization) VALUES (2, 'Z-19-40', 2268, 0);
INSERT INTO locations (warehouse_id, location, capacity, utilization) VALUES (2, 'Z-13-41', 9560, 0);
INSERT INTO locations (warehouse_id, location, capacity, utilization) VALUES (2, 'Z-04-42', 4117, 0);
INSERT INTO locations (warehouse_id, location, capacity, utilization) VALUES (2, 'Z-18-43', 4605, 0);
INSERT INTO locations (warehouse_id, location, capacity, utilization) VALUES (2, 'Z-13-44', 9502, 0);
INSERT INTO locations (warehouse_id, location, capacity, utilization) VALUES (2, 'Z-19-45', 9211, 0);
INSERT INTO locations (warehouse_id, location, capacity, utilization) VALUES (2, 'Z-11-46', 3204, 0);
INSERT INTO locations (warehouse_id, location, capacity, utilization) VALUES (2, 'Z-05-47', 5887, 0);
INSERT INTO locations (warehouse_id, location, capacity, utilization) VALUES (2, 'Z-10-48', 3626, 0);
INSERT INTO locations (warehouse_id, location, capacity, utilization) VALUES (2, 'Z-14-49', 2918, 0);
INSERT INTO locations (warehouse_id, location, capacity, utilization) VALUES (2, 'Z-02-50', 7610, 0);
INSERT INTO locations (warehouse_id, location, capacity, utilization) VALUES (2, 'Z-12-51', 7546, 0);
INSERT INTO locations (warehouse_id, location, capacity, utilization) VALUES (2, 'Z-15-52', 6799, 0);
INSERT INTO locations (warehouse_id, location, capacity, utilization) VALUES (2, 'Z-08-53', 2141, 0);
INSERT INTO locations (warehouse_id, location, capacity, utilization) VALUES (2, 'Z-02-54', 6620, 0);
INSERT INTO locations (warehouse_id, location, capacity, utilization) VALUES (2, 'Z-18-55', 7109, 0);
INSERT INTO locations (warehouse_id, location, capacity, utilization) VALUES (2, 'Z-09-56', 2791, 0);
INSERT INTO locations (warehouse_id, location, capacity, utilization) VALUES (2, 'Z-11-57', 3735, 0);
INSERT INTO locations (warehouse_id, location, capacity, utilization) VALUES (2, 'Z-20-58', 9758, 0);
INSERT INTO locations (warehouse_id, location, capacity, utilization) VALUES (2, 'Z-06-59', 9634, 0);
INSERT INTO locations (warehouse_id, location, capacity, utilization) VALUES (2, 'Z-15-60', 5876, 0);
INSERT INTO locations (warehouse_id, location, capacity, utilization) VALUES (3, 'Z-18-01', 7211, 0);
INSERT INTO locations (warehouse_id, location, capacity, utilization) VALUES (3, 'Z-03-02', 8724, 0);
INSERT INTO locations (warehouse_id, location, capacity, utilization) VALUES (3, 'Z-13-03', 6164, 0);
INSERT INTO locations (warehouse_id, location, capacity, utilization) VALUES (3, 'Z-03-04', 8407, 0);
INSERT INTO locations (warehouse_id, location, capacity, utilization) VALUES (3, 'Z-02-05', 2804, 0);
INSERT INTO locations (warehouse_id, location, capacity, utilization) VALUES (3, 'Z-09-06', 5457, 0);
INSERT INTO locations (warehouse_id, location, capacity, utilization) VALUES (3, 'Z-07-07', 9332, 0);
INSERT INTO locations (warehouse_id, location, capacity, utilization) VALUES (3, 'Z-09-08', 7526, 0);
INSERT INTO locations (warehouse_id, location, capacity, utilization) VALUES (3, 'Z-14-09', 2680, 0);
INSERT INTO locations (warehouse_id, location, capacity, utilization) VALUES (3, 'Z-19-10', 5804, 0);
INSERT INTO locations (warehouse_id, location, capacity, utilization) VALUES (3, 'Z-06-11', 9185, 0);
INSERT INTO locations (warehouse_id, location, capacity, utilization) VALUES (3, 'Z-02-12', 8649, 0);
INSERT INTO locations (warehouse_id, location, capacity, utilization) VALUES (3, 'Z-01-13', 2758, 0);
INSERT INTO locations (warehouse_id, location, capacity, utilization) VALUES (3, 'Z-09-14', 5587, 0);
INSERT INTO locations (warehouse_id, location, capacity, utilization) VALUES (3, 'Z-19-15', 9263, 0);
INSERT INTO locations (warehouse_id, location, capacity, utilization) VALUES (3, 'Z-14-16', 2828, 0);
INSERT INTO locations (warehouse_id, location, capacity, utilization) VALUES (3, 'Z-13-17', 3094, 0);
INSERT INTO locations (warehouse_id, location, capacity, utilization) VALUES (3, 'Z-15-18', 2412, 0);
INSERT INTO locations (warehouse_id, location, capacity, utilization) VALUES (3, 'Z-18-19', 6951, 0);
INSERT INTO locations (warehouse_id, location, capacity, utilization) VALUES (3, 'Z-02-20', 5760, 0);
INSERT INTO locations (warehouse_id, location, capacity, utilization) VALUES (3, 'Z-02-21', 9278, 0);
INSERT INTO locations (warehouse_id, location, capacity, utilization) VALUES (3, 'Z-17-22', 4973, 0);
INSERT INTO locations (warehouse_id, location, capacity, utilization) VALUES (3, 'Z-09-23', 5126, 0);
INSERT INTO locations (warehouse_id, location, capacity, utilization) VALUES (3, 'Z-09-24', 8697, 0);
INSERT INTO locations (warehouse_id, location, capacity, utilization) VALUES (3, 'Z-10-25', 2443, 0);
INSERT INTO locations (warehouse_id, location, capacity, utilization) VALUES (3, 'Z-20-26', 6773, 0);
INSERT INTO locations (warehouse_id, location, capacity, utilization) VALUES (3, 'Z-14-27', 2844, 0);
INSERT INTO locations (warehouse_id, location, capacity, utilization) VALUES (3, 'Z-08-28', 4532, 0);
INSERT INTO locations (warehouse_id, location, capacity, utilization) VALUES (3, 'Z-20-29', 2207, 0);
INSERT INTO locations (warehouse_id, location, capacity, utilization) VALUES (3, 'Z-02-30', 4650, 0);
INSERT INTO locations (warehouse_id, location, capacity, utilization) VALUES (3, 'Z-18-31', 2744, 0);
INSERT INTO locations (warehouse_id, location, capacity, utilization) VALUES (3, 'Z-19-32', 6801, 0);
INSERT INTO locations (warehouse_id, location, capacity, utilization) VALUES (3, 'Z-13-33', 9479, 0);
INSERT INTO locations (warehouse_id, location, capacity, utilization) VALUES (3, 'Z-12-34', 8004, 0);
INSERT INTO locations (warehouse_id, location, capacity, utilization) VALUES (3, 'Z-04-35', 8574, 0);
INSERT INTO locations (warehouse_id, location, capacity, utilization) VALUES (3, 'Z-10-36', 3087, 0);
INSERT INTO locations (warehouse_id, location, capacity, utilization) VALUES (3, 'Z-13-37', 3999, 0);
INSERT INTO locations (warehouse_id, location, capacity, utilization) VALUES (3, 'Z-15-38', 8504, 0);
INSERT INTO locations (warehouse_id, location, capacity, utilization) VALUES (3, 'Z-14-39', 8691, 0);
INSERT INTO locations (warehouse_id, location, capacity, utilization) VALUES (3, 'Z-10-40', 6868, 0);
INSERT INTO locations (warehouse_id, location, capacity, utilization) VALUES (3, 'Z-08-41', 7986, 0);
INSERT INTO locations (warehouse_id, location, capacity, utilization) VALUES (3, 'Z-14-42', 8702, 0);
INSERT INTO locations (warehouse_id, location, capacity, utilization) VALUES (3, 'Z-10-43', 6101, 0);
INSERT INTO locations (warehouse_id, location, capacity, utilization) VALUES (3, 'Z-20-44', 6828, 0);
INSERT INTO locations (warehouse_id, location, capacity, utilization) VALUES (3, 'Z-15-45', 7431, 0);
INSERT INTO locations (warehouse_id, location, capacity, utilization) VALUES (3, 'Z-09-46', 8776, 0);
INSERT INTO locations (warehouse_id, location, capacity, utilization) VALUES (3, 'Z-03-47', 3933, 0);
INSERT INTO locations (warehouse_id, location, capacity, utilization) VALUES (3, 'Z-10-48', 3777, 0);
INSERT INTO locations (warehouse_id, location, capacity, utilization) VALUES (3, 'Z-15-49', 4186, 0);
INSERT INTO locations (warehouse_id, location, capacity, utilization) VALUES (3, 'Z-02-50', 6300, 0);
INSERT INTO locations (warehouse_id, location, capacity, utilization) VALUES (3, 'Z-15-51', 7558, 0);
INSERT INTO locations (warehouse_id, location, capacity, utilization) VALUES (3, 'Z-15-52', 9005, 0);
INSERT INTO locations (warehouse_id, location, capacity, utilization) VALUES (3, 'Z-07-53', 7600, 0);
INSERT INTO locations (warehouse_id, location, capacity, utilization) VALUES (3, 'Z-05-54', 5752, 0);
INSERT INTO locations (warehouse_id, location, capacity, utilization) VALUES (3, 'Z-03-55', 6055, 0);
INSERT INTO locations (warehouse_id, location, capacity, utilization) VALUES (3, 'Z-05-56', 3435, 0);
INSERT INTO locations (warehouse_id, location, capacity, utilization) VALUES (3, 'Z-06-57', 3597, 0);
INSERT INTO locations (warehouse_id, location, capacity, utilization) VALUES (3, 'Z-08-58', 3401, 0);
INSERT INTO locations (warehouse_id, location, capacity, utilization) VALUES (3, 'Z-11-59', 5502, 0);
INSERT INTO locations (warehouse_id, location, capacity, utilization) VALUES (3, 'Z-13-60', 8092, 0);
INSERT INTO locations (warehouse_id, location, capacity, utilization) VALUES (4, 'Z-20-01', 3735, 0);
INSERT INTO locations (warehouse_id, location, capacity, utilization) VALUES (4, 'Z-03-02', 3410, 0);
INSERT INTO locations (warehouse_id, location, capacity, utilization) VALUES (4, 'Z-01-03', 7455, 0);
INSERT INTO locations (warehouse_id, location, capacity, utilization) VALUES (4, 'Z-16-04', 6301, 0);
INSERT INTO locations (warehouse_id, location, capacity, utilization) VALUES (4, 'Z-04-05', 6061, 0);
INSERT INTO locations (warehouse_id, location, capacity, utilization) VALUES (4, 'Z-01-06', 9937, 0);
INSERT INTO locations (warehouse_id, location, capacity, utilization) VALUES (4, 'Z-18-07', 6987, 0);
INSERT INTO locations (warehouse_id, location, capacity, utilization) VALUES (4, 'Z-06-08', 6760, 0);
INSERT INTO locations (warehouse_id, location, capacity, utilization) VALUES (4, 'Z-07-09', 4982, 0);
INSERT INTO locations (warehouse_id, location, capacity, utilization) VALUES (4, 'Z-10-10', 5679, 0);
INSERT INTO locations (warehouse_id, location, capacity, utilization) VALUES (4, 'Z-06-11', 3614, 0);
INSERT INTO locations (warehouse_id, location, capacity, utilization) VALUES (4, 'Z-11-12', 4448, 0);
INSERT INTO locations (warehouse_id, location, capacity, utilization) VALUES (4, 'Z-06-13', 4011, 0);
INSERT INTO locations (warehouse_id, location, capacity, utilization) VALUES (4, 'Z-09-14', 9148, 0);
INSERT INTO locations (warehouse_id, location, capacity, utilization) VALUES (4, 'Z-03-15', 8401, 0);
INSERT INTO locations (warehouse_id, location, capacity, utilization) VALUES (4, 'Z-09-16', 4026, 0);
INSERT INTO locations (warehouse_id, location, capacity, utilization) VALUES (4, 'Z-08-17', 6597, 0);
INSERT INTO locations (warehouse_id, location, capacity, utilization) VALUES (4, 'Z-14-18', 5005, 0);
INSERT INTO locations (warehouse_id, location, capacity, utilization) VALUES (4, 'Z-09-19', 2733, 0);
INSERT INTO locations (warehouse_id, location, capacity, utilization) VALUES (4, 'Z-03-20', 9847, 0);
INSERT INTO locations (warehouse_id, location, capacity, utilization) VALUES (4, 'Z-15-21', 5258, 0);
INSERT INTO locations (warehouse_id, location, capacity, utilization) VALUES (4, 'Z-12-22', 9782, 0);
INSERT INTO locations (warehouse_id, location, capacity, utilization) VALUES (4, 'Z-08-23', 6374, 0);
INSERT INTO locations (warehouse_id, location, capacity, utilization) VALUES (4, 'Z-09-24', 9273, 0);
INSERT INTO locations (warehouse_id, location, capacity, utilization) VALUES (4, 'Z-08-25', 5375, 0);
INSERT INTO locations (warehouse_id, location, capacity, utilization) VALUES (4, 'Z-11-26', 3508, 0);
INSERT INTO locations (warehouse_id, location, capacity, utilization) VALUES (4, 'Z-12-27', 5954, 0);
INSERT INTO locations (warehouse_id, location, capacity, utilization) VALUES (4, 'Z-13-28', 2800, 0);
INSERT INTO locations (warehouse_id, location, capacity, utilization) VALUES (4, 'Z-04-29', 8793, 0);
INSERT INTO locations (warehouse_id, location, capacity, utilization) VALUES (4, 'Z-19-30', 6330, 0);
INSERT INTO locations (warehouse_id, location, capacity, utilization) VALUES (4, 'Z-19-31', 4654, 0);
INSERT INTO locations (warehouse_id, location, capacity, utilization) VALUES (4, 'Z-15-32', 9169, 0);
INSERT INTO locations (warehouse_id, location, capacity, utilization) VALUES (4, 'Z-10-33', 8291, 0);
INSERT INTO locations (warehouse_id, location, capacity, utilization) VALUES (4, 'Z-02-34', 2918, 0);
INSERT INTO locations (warehouse_id, location, capacity, utilization) VALUES (4, 'Z-18-35', 2172, 0);
INSERT INTO locations (warehouse_id, location, capacity, utilization) VALUES (4, 'Z-06-36', 4467, 0);
INSERT INTO locations (warehouse_id, location, capacity, utilization) VALUES (4, 'Z-14-37', 5805, 0);
INSERT INTO locations (warehouse_id, location, capacity, utilization) VALUES (4, 'Z-01-38', 7054, 0);
INSERT INTO locations (warehouse_id, location, capacity, utilization) VALUES (4, 'Z-08-39', 9506, 0);
INSERT INTO locations (warehouse_id, location, capacity, utilization) VALUES (4, 'Z-05-40', 7128, 0);
INSERT INTO locations (warehouse_id, location, capacity, utilization) VALUES (4, 'Z-10-41', 9303, 0);
INSERT INTO locations (warehouse_id, location, capacity, utilization) VALUES (4, 'Z-03-42', 6483, 0);
INSERT INTO locations (warehouse_id, location, capacity, utilization) VALUES (4, 'Z-01-43', 9779, 0);
INSERT INTO locations (warehouse_id, location, capacity, utilization) VALUES (4, 'Z-17-44', 4072, 0);
INSERT INTO locations (warehouse_id, location, capacity, utilization) VALUES (4, 'Z-09-45', 5121, 0);
INSERT INTO locations (warehouse_id, location, capacity, utilization) VALUES (4, 'Z-13-46', 8638, 0);
INSERT INTO locations (warehouse_id, location, capacity, utilization) VALUES (4, 'Z-10-47', 2243, 0);
INSERT INTO locations (warehouse_id, location, capacity, utilization) VALUES (4, 'Z-16-48', 7455, 0);
INSERT INTO locations (warehouse_id, location, capacity, utilization) VALUES (4, 'Z-11-49', 5383, 0);
INSERT INTO locations (warehouse_id, location, capacity, utilization) VALUES (4, 'Z-10-50', 5947, 0);
INSERT INTO locations (warehouse_id, location, capacity, utilization) VALUES (4, 'Z-17-51', 5095, 0);
INSERT INTO locations (warehouse_id, location, capacity, utilization) VALUES (4, 'Z-10-52', 3449, 0);
INSERT INTO locations (warehouse_id, location, capacity, utilization) VALUES (4, 'Z-19-53', 6882, 0);
INSERT INTO locations (warehouse_id, location, capacity, utilization) VALUES (4, 'Z-07-54', 7835, 0);
INSERT INTO locations (warehouse_id, location, capacity, utilization) VALUES (4, 'Z-09-55', 2074, 0);
INSERT INTO locations (warehouse_id, location, capacity, utilization) VALUES (4, 'Z-17-56', 5910, 0);
INSERT INTO locations (warehouse_id, location, capacity, utilization) VALUES (4, 'Z-06-57', 7162, 0);
INSERT INTO locations (warehouse_id, location, capacity, utilization) VALUES (4, 'Z-10-58', 6250, 0);
INSERT INTO locations (warehouse_id, location, capacity, utilization) VALUES (4, 'Z-19-59', 2184, 0);
INSERT INTO locations (warehouse_id, location, capacity, utilization) VALUES (4, 'Z-11-60', 8150, 0);
INSERT INTO locations (warehouse_id, location, capacity, utilization) VALUES (5, 'Z-19-01', 8885, 0);
INSERT INTO locations (warehouse_id, location, capacity, utilization) VALUES (5, 'Z-03-02', 9239, 0);
INSERT INTO locations (warehouse_id, location, capacity, utilization) VALUES (5, 'Z-03-03', 6239, 0);
INSERT INTO locations (warehouse_id, location, capacity, utilization) VALUES (5, 'Z-17-04', 9782, 0);
INSERT INTO locations (warehouse_id, location, capacity, utilization) VALUES (5, 'Z-01-05', 7315, 0);
INSERT INTO locations (warehouse_id, location, capacity, utilization) VALUES (5, 'Z-08-06', 3593, 0);
INSERT INTO locations (warehouse_id, location, capacity, utilization) VALUES (5, 'Z-19-07', 3035, 0);
INSERT INTO locations (warehouse_id, location, capacity, utilization) VALUES (5, 'Z-18-08', 2081, 0);
INSERT INTO locations (warehouse_id, location, capacity, utilization) VALUES (5, 'Z-12-09', 9047, 0);
INSERT INTO locations (warehouse_id, location, capacity, utilization) VALUES (5, 'Z-02-10', 4310, 0);
INSERT INTO locations (warehouse_id, location, capacity, utilization) VALUES (5, 'Z-07-11', 3003, 0);
INSERT INTO locations (warehouse_id, location, capacity, utilization) VALUES (5, 'Z-11-12', 5131, 0);
INSERT INTO locations (warehouse_id, location, capacity, utilization) VALUES (5, 'Z-12-13', 2978, 0);
INSERT INTO locations (warehouse_id, location, capacity, utilization) VALUES (5, 'Z-05-14', 9787, 0);
INSERT INTO locations (warehouse_id, location, capacity, utilization) VALUES (5, 'Z-18-15', 5264, 0);
INSERT INTO locations (warehouse_id, location, capacity, utilization) VALUES (5, 'Z-18-16', 3682, 0);
INSERT INTO locations (warehouse_id, location, capacity, utilization) VALUES (5, 'Z-13-17', 8978, 0);
INSERT INTO locations (warehouse_id, location, capacity, utilization) VALUES (5, 'Z-19-18', 2726, 0);
INSERT INTO locations (warehouse_id, location, capacity, utilization) VALUES (5, 'Z-10-19', 2880, 0);
INSERT INTO locations (warehouse_id, location, capacity, utilization) VALUES (5, 'Z-07-20', 2833, 0);
INSERT INTO locations (warehouse_id, location, capacity, utilization) VALUES (5, 'Z-18-21', 9177, 0);
INSERT INTO locations (warehouse_id, location, capacity, utilization) VALUES (5, 'Z-09-22', 3464, 0);
INSERT INTO locations (warehouse_id, location, capacity, utilization) VALUES (5, 'Z-03-23', 9346, 0);
INSERT INTO locations (warehouse_id, location, capacity, utilization) VALUES (5, 'Z-14-24', 7065, 0);
INSERT INTO locations (warehouse_id, location, capacity, utilization) VALUES (5, 'Z-05-25', 7551, 0);
INSERT INTO locations (warehouse_id, location, capacity, utilization) VALUES (5, 'Z-20-26', 9992, 0);
INSERT INTO locations (warehouse_id, location, capacity, utilization) VALUES (5, 'Z-09-27', 2119, 0);
INSERT INTO locations (warehouse_id, location, capacity, utilization) VALUES (5, 'Z-06-28', 5745, 0);
INSERT INTO locations (warehouse_id, location, capacity, utilization) VALUES (5, 'Z-15-29', 8210, 0);
INSERT INTO locations (warehouse_id, location, capacity, utilization) VALUES (5, 'Z-19-30', 9816, 0);
INSERT INTO locations (warehouse_id, location, capacity, utilization) VALUES (5, 'Z-18-31', 2779, 0);
INSERT INTO locations (warehouse_id, location, capacity, utilization) VALUES (5, 'Z-08-32', 3434, 0);
INSERT INTO locations (warehouse_id, location, capacity, utilization) VALUES (5, 'Z-06-33', 8004, 0);
INSERT INTO locations (warehouse_id, location, capacity, utilization) VALUES (5, 'Z-08-34', 3025, 0);
INSERT INTO locations (warehouse_id, location, capacity, utilization) VALUES (5, 'Z-01-35', 5358, 0);
INSERT INTO locations (warehouse_id, location, capacity, utilization) VALUES (5, 'Z-20-36', 4759, 0);
INSERT INTO locations (warehouse_id, location, capacity, utilization) VALUES (5, 'Z-09-37', 5208, 0);
INSERT INTO locations (warehouse_id, location, capacity, utilization) VALUES (5, 'Z-03-38', 9075, 0);
INSERT INTO locations (warehouse_id, location, capacity, utilization) VALUES (5, 'Z-01-39', 6665, 0);
INSERT INTO locations (warehouse_id, location, capacity, utilization) VALUES (5, 'Z-01-40', 9242, 0);
INSERT INTO locations (warehouse_id, location, capacity, utilization) VALUES (5, 'Z-04-41', 3370, 0);
INSERT INTO locations (warehouse_id, location, capacity, utilization) VALUES (5, 'Z-12-42', 9547, 0);
INSERT INTO locations (warehouse_id, location, capacity, utilization) VALUES (5, 'Z-18-43', 8284, 0);
INSERT INTO locations (warehouse_id, location, capacity, utilization) VALUES (5, 'Z-09-44', 4794, 0);
INSERT INTO locations (warehouse_id, location, capacity, utilization) VALUES (5, 'Z-12-45', 9557, 0);
INSERT INTO locations (warehouse_id, location, capacity, utilization) VALUES (5, 'Z-07-46', 6894, 0);
INSERT INTO locations (warehouse_id, location, capacity, utilization) VALUES (5, 'Z-06-47', 4497, 0);
INSERT INTO locations (warehouse_id, location, capacity, utilization) VALUES (5, 'Z-16-48', 2870, 0);
INSERT INTO locations (warehouse_id, location, capacity, utilization) VALUES (5, 'Z-13-49', 8165, 0);
INSERT INTO locations (warehouse_id, location, capacity, utilization) VALUES (5, 'Z-14-50', 9278, 0);
INSERT INTO locations (warehouse_id, location, capacity, utilization) VALUES (5, 'Z-20-51', 9037, 0);
INSERT INTO locations (warehouse_id, location, capacity, utilization) VALUES (5, 'Z-08-52', 9639, 0);
INSERT INTO locations (warehouse_id, location, capacity, utilization) VALUES (5, 'Z-08-53', 9909, 0);
INSERT INTO locations (warehouse_id, location, capacity, utilization) VALUES (5, 'Z-14-54', 3659, 0);
INSERT INTO locations (warehouse_id, location, capacity, utilization) VALUES (5, 'Z-11-55', 3371, 0);
INSERT INTO locations (warehouse_id, location, capacity, utilization) VALUES (5, 'Z-19-56', 6936, 0);
INSERT INTO locations (warehouse_id, location, capacity, utilization) VALUES (5, 'Z-12-57', 9104, 0);
INSERT INTO locations (warehouse_id, location, capacity, utilization) VALUES (5, 'Z-08-58', 6737, 0);
INSERT INTO locations (warehouse_id, location, capacity, utilization) VALUES (5, 'Z-16-59', 3516, 0);
INSERT INTO locations (warehouse_id, location, capacity, utilization) VALUES (5, 'Z-07-60', 5382, 0);
INSERT INTO suppliers (supplier_id, supplier_name, contact_info, supply_cycle) VALUES (1, 'Castro LLC', '7741 Rosales Hill Suite 939
East Josephtown, MH 74605', 57);
INSERT INTO suppliers (supplier_id, supplier_name, contact_info, supply_cycle) VALUES (2, 'Aguilar, Bishop and Cross', '8499 Heather Mill
Stevenborough, NE 70571', 34);
INSERT INTO suppliers (supplier_id, supplier_name, contact_info, supply_cycle) VALUES (3, 'Ferguson, Ramirez and Garcia', 'USNV Dixon
FPO AA 87336', 57);
INSERT INTO suppliers (supplier_id, supplier_name, contact_info, supply_cycle) VALUES (4, 'Hall-Mahoney', '97581 Matthew Wells
Leblancmouth, PW 16579', 34);
INSERT INTO suppliers (supplier_id, supplier_name, contact_info, supply_cycle) VALUES (5, 'Curtis, Lawson and Lee', '4215 Carrie Skyway
Traceyfort, NH 79629', 21);
INSERT INTO suppliers (supplier_id, supplier_name, contact_info, supply_cycle) VALUES (6, 'Nguyen-Collins', '62060 Kenneth Shore Apt. 029
Bobbyshire, AS 50700', 8);
INSERT INTO suppliers (supplier_id, supplier_name, contact_info, supply_cycle) VALUES (7, 'Roberts-Andrews', '4350 Theresa Crossing Apt. 217
Ryanchester, IN 01256', 13);
INSERT INTO suppliers (supplier_id, supplier_name, contact_info, supply_cycle) VALUES (8, 'Wagner-Arnold', '050 Villegas Road Suite 993
Stephanieside, OH 14938', 20);
INSERT INTO suppliers (supplier_id, supplier_name, contact_info, supply_cycle) VALUES (9, 'Phillips Inc', '99659 Snyder Road
Gallegosshire, CO 02308', 27);
INSERT INTO suppliers (supplier_id, supplier_name, contact_info, supply_cycle) VALUES (10, 'Ramirez, Keith and Blackwell', '43742 Megan Walks
Rachelland, AL 17129', 58);
INSERT INTO suppliers (supplier_id, supplier_name, contact_info, supply_cycle) VALUES (11, 'Gamble, Rodriguez and Williams', '3214 Park Overpass
Heatherton, WY 91165', 58);
INSERT INTO suppliers (supplier_id, supplier_name, contact_info, supply_cycle) VALUES (12, 'Jones, Griffin and Garcia', '047 Hess Mountain
East Alexanderport, DE 05972', 46);
INSERT INTO suppliers (supplier_id, supplier_name, contact_info, supply_cycle) VALUES (13, 'Newton-Wright', '0461 Simon Ports
West Sabrinashire, MP 61320', 21);
INSERT INTO suppliers (supplier_id, supplier_name, contact_info, supply_cycle) VALUES (14, 'Myers PLC', '626 Carol Trafficway Suite 152
New Jason, IN 70772', 36);
INSERT INTO suppliers (supplier_id, supplier_name, contact_info, supply_cycle) VALUES (15, 'Burke, Richardson and Bush', '13835 Herrera Gateway
Adamchester, FL 86218', 18);
INSERT INTO suppliers (supplier_id, supplier_name, contact_info, supply_cycle) VALUES (16, 'Oliver and Sons', '1970 Hawkins Camp
Kristaberg, NY 64325', 54);
INSERT INTO suppliers (supplier_id, supplier_name, contact_info, supply_cycle) VALUES (17, 'Ryan, Contreras and Woods', '5921 Johnson Crossroad
Port Sarastad, FL 03733', 22);
INSERT INTO suppliers (supplier_id, supplier_name, contact_info, supply_cycle) VALUES (18, 'Casey Ltd', '700 Cynthia Manor Apt. 384
Batesville, MH 03964', 53);
INSERT INTO suppliers (supplier_id, supplier_name, contact_info, supply_cycle) VALUES (19, 'Gibson PLC', '0772 Ryan Village Apt. 214
Griffithbury, WA 28605', 14);
INSERT INTO suppliers (supplier_id, supplier_name, contact_info, supply_cycle) VALUES (20, 'Rodriguez Inc', '3500 Thomas Fords Suite 575
Victortown, OR 45941', 9);
INSERT INTO products (product_id, product_sku, product_name, product_description, category, dimensions, volume, weight, value, packaging_info) VALUES (1, '6647451566330', 'Iterate Wireless Synergies', 'Standard Item', 'Home & Garden', '10x10x10', 1.29, 6.35, 381.32, 'Box');
INSERT INTO products (product_id, product_sku, product_name, product_description, category, dimensions, volume, weight, value, packaging_info) VALUES (2, '6476503010770', 'Deliver E-Business Metrics', 'Standard Item', 'Electronics', '10x10x10', 0.38, 1.26, 73.75, 'Box');
INSERT INTO products (product_id, product_sku, product_name, product_description, category, dimensions, volume, weight, value, packaging_info) VALUES (3, '7138595616122', 'Aggregate Cross-Media Info-Mediaries', 'Standard Item', 'Electronics', '10x10x10', 1.73, 6.61, 367.47, 'Box');
INSERT INTO products (product_id, product_sku, product_name, product_description, category, dimensions, volume, weight, value, packaging_info) VALUES (4, '7273501535002', 'Exploit Impactful Content', 'Standard Item', 'Automotive', '10x10x10', 1.11, 5.32, 436.81, 'Box');
INSERT INTO products (product_id, product_sku, product_name, product_description, category, dimensions, volume, weight, value, packaging_info) VALUES (5, '5998298942681', 'Disintermediate Efficient Methodologies', 'Standard Item', 'Automotive', '10x10x10', 0.42, 4.16, 253.13, 'Box');
INSERT INTO products (product_id, product_sku, product_name, product_description, category, dimensions, volume, weight, value, packaging_info) VALUES (6, '7255647708359', 'Empower Proactive Synergies', 'Standard Item', 'Fashion', '10x10x10', 1.13, 0.72, 226.62, 'Box');
INSERT INTO products (product_id, product_sku, product_name, product_description, category, dimensions, volume, weight, value, packaging_info) VALUES (7, '2608937362758', 'Scale Distributed Paradigms', 'Standard Item', 'Office', '10x10x10', 1.88, 9.07, 36.57, 'Box');
INSERT INTO products (product_id, product_sku, product_name, product_description, category, dimensions, volume, weight, value, packaging_info) VALUES (8, '7641998893743', 'Transition Collaborative Users', 'Standard Item', 'Fashion', '10x10x10', 0.42, 4.29, 250.77, 'Box');
INSERT INTO products (product_id, product_sku, product_name, product_description, category, dimensions, volume, weight, value, packaging_info) VALUES (9, '6344347672143', 'Facilitate Killer Convergence', 'Standard Item', 'Automotive', '10x10x10', 0.22, 2.03, 315.22, 'Box');
INSERT INTO products (product_id, product_sku, product_name, product_description, category, dimensions, volume, weight, value, packaging_info) VALUES (10, '4338636907124', 'Iterate Compelling Markets', 'Standard Item', 'Beauty', '10x10x10', 1.91, 0.25, 203.8, 'Box');
INSERT INTO products (product_id, product_sku, product_name, product_description, category, dimensions, volume, weight, value, packaging_info) VALUES (11, '0054239512612', 'Brand Granular Initiatives', 'Standard Item', 'Office', '10x10x10', 1.0, 1.34, 403.71, 'Box');
INSERT INTO products (product_id, product_sku, product_name, product_description, category, dimensions, volume, weight, value, packaging_info) VALUES (12, '1422004088553', 'Enable Integrated Paradigms', 'Standard Item', 'Fashion', '10x10x10', 0.68, 1.1, 142.17, 'Box');
INSERT INTO products (product_id, product_sku, product_name, product_description, category, dimensions, volume, weight, value, packaging_info) VALUES (13, '2636934266311', 'Cultivate Efficient Supply-Chains', 'Standard Item', 'Beauty', '10x10x10', 0.82, 2.74, 455.67, 'Box');
INSERT INTO products (product_id, product_sku, product_name, product_description, category, dimensions, volume, weight, value, packaging_info) VALUES (14, '4582959021986', 'Synergize Leading-Edge Experiences', 'Standard Item', 'Beauty', '10x10x10', 0.28, 4.51, 231.22, 'Box');
INSERT INTO products (product_id, product_sku, product_name, product_description, category, dimensions, volume, weight, value, packaging_info) VALUES (15, '5872641087437', 'Revolutionize End-To-End Infrastructures', 'Standard Item', 'Home & Garden', '10x10x10', 0.8, 9.07, 203.29, 'Box');
INSERT INTO products (product_id, product_sku, product_name, product_description, category, dimensions, volume, weight, value, packaging_info) VALUES (16, '6110917315433', 'Productize Clicks-And-Mortar Metrics', 'Standard Item', 'Electronics', '10x10x10', 0.61, 9.56, 232.84, 'Box');
INSERT INTO products (product_id, product_sku, product_name, product_description, category, dimensions, volume, weight, value, packaging_info) VALUES (17, '9754497674220', 'Orchestrate Vertical Systems', 'Standard Item', 'Fashion', '10x10x10', 0.68, 4.04, 18.21, 'Box');
INSERT INTO products (product_id, product_sku, product_name, product_description, category, dimensions, volume, weight, value, packaging_info) VALUES (18, '8045715089645', 'Deploy Leading-Edge Technologies', 'Standard Item', 'Fashion', '10x10x10', 0.49, 7.96, 119.33, 'Box');
INSERT INTO products (product_id, product_sku, product_name, product_description, category, dimensions, volume, weight, value, packaging_info) VALUES (19, '3515619085449', 'Monetize Web-Enabled Users', 'Standard Item', 'Automotive', '10x10x10', 0.4, 2.36, 372.46, 'Box');
INSERT INTO products (product_id, product_sku, product_name, product_description, category, dimensions, volume, weight, value, packaging_info) VALUES (20, '1387384454339', 'Innovate Proactive Initiatives', 'Standard Item', 'Food', '10x10x10', 1.14, 1.32, 215.84, 'Box');
INSERT INTO products (product_id, product_sku, product_name, product_description, category, dimensions, volume, weight, value, packaging_info) VALUES (21, '2537218865742', 'Re-Contextualize Mission-Critical Info-Mediaries', 'Standard Item', 'Automotive', '10x10x10', 1.05, 8.41, 272.95, 'Box');
INSERT INTO products (product_id, product_sku, product_name, product_description, category, dimensions, volume, weight, value, packaging_info) VALUES (22, '4511035115042', 'E-Enable Customized Interfaces', 'Standard Item', 'Automotive', '10x10x10', 1.28, 2.93, 17.24, 'Box');
INSERT INTO products (product_id, product_sku, product_name, product_description, category, dimensions, volume, weight, value, packaging_info) VALUES (23, '5926409350520', 'Leverage Bleeding-Edge E-Services', 'Standard Item', 'Office', '10x10x10', 1.53, 7.79, 26.84, 'Box');
INSERT INTO products (product_id, product_sku, product_name, product_description, category, dimensions, volume, weight, value, packaging_info) VALUES (24, '9047065959998', 'Grow B2C Networks', 'Standard Item', 'Electronics', '10x10x10', 0.93, 8.03, 426.29, 'Box');
INSERT INTO products (product_id, product_sku, product_name, product_description, category, dimensions, volume, weight, value, packaging_info) VALUES (25, '8075368958074', 'Scale Leading-Edge Synergies', 'Standard Item', 'Office', '10x10x10', 1.48, 3.07, 226.01, 'Box');
INSERT INTO products (product_id, product_sku, product_name, product_description, category, dimensions, volume, weight, value, packaging_info) VALUES (26, '2847141445080', 'Grow Bricks-And-Clicks Infrastructures', 'Standard Item', 'Beauty', '10x10x10', 1.01, 7.66, 87.63, 'Box');
INSERT INTO products (product_id, product_sku, product_name, product_description, category, dimensions, volume, weight, value, packaging_info) VALUES (27, '3988451500249', 'Streamline Back-End E-Services', 'Standard Item', 'Fashion', '10x10x10', 0.11, 3.51, 172.72, 'Box');
INSERT INTO products (product_id, product_sku, product_name, product_description, category, dimensions, volume, weight, value, packaging_info) VALUES (28, '1625897761798', 'Matrix Synergistic Methodologies', 'Standard Item', 'Fashion', '10x10x10', 1.28, 6.22, 376.25, 'Box');
INSERT INTO products (product_id, product_sku, product_name, product_description, category, dimensions, volume, weight, value, packaging_info) VALUES (29, '5875817929029', 'Strategize User-Centric Info-Mediaries', 'Standard Item', 'Electronics', '10x10x10', 0.93, 9.33, 336.88, 'Box');
INSERT INTO products (product_id, product_sku, product_name, product_description, category, dimensions, volume, weight, value, packaging_info) VALUES (30, '9778877169571', 'Generate Turn-Key Methodologies', 'Standard Item', 'Home & Garden', '10x10x10', 1.37, 8.87, 464.75, 'Box');
INSERT INTO products (product_id, product_sku, product_name, product_description, category, dimensions, volume, weight, value, packaging_info) VALUES (31, '6011903623832', 'Visualize Value-Added Eyeballs', 'Standard Item', 'Electronics', '10x10x10', 1.86, 4.68, 241.54, 'Box');
INSERT INTO products (product_id, product_sku, product_name, product_description, category, dimensions, volume, weight, value, packaging_info) VALUES (32, '1641618591550', 'Re-Intermediate 24/365 Applications', 'Standard Item', 'Home & Garden', '10x10x10', 0.15, 3.69, 47.55, 'Box');
INSERT INTO products (product_id, product_sku, product_name, product_description, category, dimensions, volume, weight, value, packaging_info) VALUES (33, '9650660659066', 'Productize Front-End Bandwidth', 'Standard Item', 'Electronics', '10x10x10', 0.4, 6.31, 447.38, 'Box');
INSERT INTO products (product_id, product_sku, product_name, product_description, category, dimensions, volume, weight, value, packaging_info) VALUES (34, '0463595586111', 'Transition Revolutionary Markets', 'Standard Item', 'Home & Garden', '10x10x10', 1.97, 4.9, 233.23, 'Box');
INSERT INTO products (product_id, product_sku, product_name, product_description, category, dimensions, volume, weight, value, packaging_info) VALUES (35, '0061997720340', 'Whiteboard Dot-Com Networks', 'Standard Item', 'Home & Garden', '10x10x10', 0.66, 0.86, 336.5, 'Box');
INSERT INTO products (product_id, product_sku, product_name, product_description, category, dimensions, volume, weight, value, packaging_info) VALUES (36, '1356521212866', 'Monetize Collaborative Platforms', 'Standard Item', 'Electronics', '10x10x10', 1.22, 1.66, 417.52, 'Box');
INSERT INTO products (product_id, product_sku, product_name, product_description, category, dimensions, volume, weight, value, packaging_info) VALUES (37, '0476970166099', 'Deploy Robust Initiatives', 'Standard Item', 'Beauty', '10x10x10', 1.44, 6.61, 439.04, 'Box');
INSERT INTO products (product_id, product_sku, product_name, product_description, category, dimensions, volume, weight, value, packaging_info) VALUES (38, '2362001866008', 'Morph Cutting-Edge Technologies', 'Standard Item', 'Home & Garden', '10x10x10', 1.87, 5.89, 417.88, 'Box');
INSERT INTO products (product_id, product_sku, product_name, product_description, category, dimensions, volume, weight, value, packaging_info) VALUES (39, '4071020549783', 'Re-Intermediate Killer Channels', 'Standard Item', 'Food', '10x10x10', 0.53, 6.12, 460.68, 'Box');
INSERT INTO products (product_id, product_sku, product_name, product_description, category, dimensions, volume, weight, value, packaging_info) VALUES (40, '2912820895088', 'Brand Open-Source Metrics', 'Standard Item', 'Electronics', '10x10x10', 0.79, 2.97, 156.11, 'Box');
INSERT INTO products (product_id, product_sku, product_name, product_description, category, dimensions, volume, weight, value, packaging_info) VALUES (41, '8068677916484', 'Syndicate Magnetic Action-Items', 'Standard Item', 'Office', '10x10x10', 1.17, 1.48, 364.15, 'Box');
INSERT INTO products (product_id, product_sku, product_name, product_description, category, dimensions, volume, weight, value, packaging_info) VALUES (42, '2245223538567', 'Incentivize 24/7 Info-Mediaries', 'Standard Item', 'Automotive', '10x10x10', 0.48, 7.35, 261.27, 'Box');
INSERT INTO products (product_id, product_sku, product_name, product_description, category, dimensions, volume, weight, value, packaging_info) VALUES (43, '3314086516186', 'Re-Contextualize Killer Architectures', 'Standard Item', 'Office', '10x10x10', 1.45, 8.57, 247.78, 'Box');
INSERT INTO products (product_id, product_sku, product_name, product_description, category, dimensions, volume, weight, value, packaging_info) VALUES (44, '2074281228406', 'Expedite Sticky Partnerships', 'Standard Item', 'Office', '10x10x10', 0.99, 7.14, 156.8, 'Box');
INSERT INTO products (product_id, product_sku, product_name, product_description, category, dimensions, volume, weight, value, packaging_info) VALUES (45, '1353077966137', 'Embrace Cross-Media Content', 'Standard Item', 'Automotive', '10x10x10', 0.61, 8.56, 475.35, 'Box');
INSERT INTO products (product_id, product_sku, product_name, product_description, category, dimensions, volume, weight, value, packaging_info) VALUES (46, '4792927840598', 'Engage Robust Users', 'Standard Item', 'Home & Garden', '10x10x10', 1.58, 2.56, 30.99, 'Box');
INSERT INTO products (product_id, product_sku, product_name, product_description, category, dimensions, volume, weight, value, packaging_info) VALUES (47, '0352043477159', 'Leverage Visionary Web-Readiness', 'Standard Item', 'Food', '10x10x10', 0.58, 3.32, 165.69, 'Box');
INSERT INTO products (product_id, product_sku, product_name, product_description, category, dimensions, volume, weight, value, packaging_info) VALUES (48, '5273139751722', 'Engineer Distributed Info-Mediaries', 'Standard Item', 'Office', '10x10x10', 0.34, 4.12, 158.08, 'Box');
INSERT INTO products (product_id, product_sku, product_name, product_description, category, dimensions, volume, weight, value, packaging_info) VALUES (49, '2451579691355', 'Enhance Bleeding-Edge Info-Mediaries', 'Standard Item', 'Electronics', '10x10x10', 1.99, 5.26, 121.82, 'Box');
INSERT INTO products (product_id, product_sku, product_name, product_description, category, dimensions, volume, weight, value, packaging_info) VALUES (50, '9724721097026', 'Exploit Proactive Experiences', 'Standard Item', 'Electronics', '10x10x10', 0.3, 6.02, 196.7, 'Box');
INSERT INTO products (product_id, product_sku, product_name, product_description, category, dimensions, volume, weight, value, packaging_info) VALUES (51, '5668596537802', 'Seize End-To-End Vortals', 'Standard Item', 'Fashion', '10x10x10', 1.44, 8.79, 379.3, 'Box');
INSERT INTO products (product_id, product_sku, product_name, product_description, category, dimensions, volume, weight, value, packaging_info) VALUES (52, '4266420510901', 'Iterate Interactive Paradigms', 'Standard Item', 'Food', '10x10x10', 0.48, 9.9, 85.7, 'Box');
INSERT INTO products (product_id, product_sku, product_name, product_description, category, dimensions, volume, weight, value, packaging_info) VALUES (53, '8227149778337', 'Target 24/7 Roi', 'Standard Item', 'Fashion', '10x10x10', 1.16, 0.88, 466.73, 'Box');
INSERT INTO products (product_id, product_sku, product_name, product_description, category, dimensions, volume, weight, value, packaging_info) VALUES (54, '8217460281227', 'Embrace Revolutionary Markets', 'Standard Item', 'Home & Garden', '10x10x10', 1.81, 1.34, 124.69, 'Box');
INSERT INTO products (product_id, product_sku, product_name, product_description, category, dimensions, volume, weight, value, packaging_info) VALUES (55, '3227688175364', 'Disintermediate Strategic Interfaces', 'Standard Item', 'Fashion', '10x10x10', 1.59, 9.66, 394.63, 'Box');
INSERT INTO products (product_id, product_sku, product_name, product_description, category, dimensions, volume, weight, value, packaging_info) VALUES (56, '9376113004749', 'Innovate One-To-One Metrics', 'Standard Item', 'Automotive', '10x10x10', 0.8, 2.18, 39.68, 'Box');
INSERT INTO products (product_id, product_sku, product_name, product_description, category, dimensions, volume, weight, value, packaging_info) VALUES (57, '9581504194484', 'Generate Bricks-And-Clicks Synergies', 'Standard Item', 'Food', '10x10x10', 1.52, 7.99, 471.66, 'Box');
INSERT INTO products (product_id, product_sku, product_name, product_description, category, dimensions, volume, weight, value, packaging_info) VALUES (58, '3280729134546', 'Cultivate Intuitive Eyeballs', 'Standard Item', 'Automotive', '10x10x10', 1.97, 1.6, 58.88, 'Box');
INSERT INTO products (product_id, product_sku, product_name, product_description, category, dimensions, volume, weight, value, packaging_info) VALUES (59, '2674515409047', 'Morph Robust Solutions', 'Standard Item', 'Electronics', '10x10x10', 1.94, 5.97, 197.32, 'Box');
INSERT INTO products (product_id, product_sku, product_name, product_description, category, dimensions, volume, weight, value, packaging_info) VALUES (60, '6187764908651', 'Maximize Dynamic Roi', 'Standard Item', 'Food', '10x10x10', 0.91, 0.22, 116.08, 'Box');
INSERT INTO products (product_id, product_sku, product_name, product_description, category, dimensions, volume, weight, value, packaging_info) VALUES (61, '4406386193262', 'Morph E-Business Architectures', 'Standard Item', 'Fashion', '10x10x10', 1.15, 3.77, 26.1, 'Box');
INSERT INTO products (product_id, product_sku, product_name, product_description, category, dimensions, volume, weight, value, packaging_info) VALUES (62, '5511220328737', 'Re-Contextualize Frictionless Markets', 'Standard Item', 'Beauty', '10x10x10', 1.26, 7.26, 192.26, 'Box');
INSERT INTO products (product_id, product_sku, product_name, product_description, category, dimensions, volume, weight, value, packaging_info) VALUES (63, '9081331407776', 'Incubate Synergistic Networks', 'Standard Item', 'Fashion', '10x10x10', 0.95, 1.4, 286.88, 'Box');
INSERT INTO products (product_id, product_sku, product_name, product_description, category, dimensions, volume, weight, value, packaging_info) VALUES (64, '3228305130841', 'Extend 24/7 Eyeballs', 'Standard Item', 'Automotive', '10x10x10', 1.1, 1.09, 105.33, 'Box');
INSERT INTO products (product_id, product_sku, product_name, product_description, category, dimensions, volume, weight, value, packaging_info) VALUES (65, '3610282299268', 'Mesh Back-End Interfaces', 'Standard Item', 'Office', '10x10x10', 0.94, 1.17, 98.69, 'Box');
INSERT INTO products (product_id, product_sku, product_name, product_description, category, dimensions, volume, weight, value, packaging_info) VALUES (66, '8639443391172', 'Iterate Visionary Niches', 'Standard Item', 'Automotive', '10x10x10', 0.93, 3.48, 51.6, 'Box');
INSERT INTO products (product_id, product_sku, product_name, product_description, category, dimensions, volume, weight, value, packaging_info) VALUES (67, '3585715462659', 'Implement Customized Infrastructures', 'Standard Item', 'Food', '10x10x10', 1.64, 0.11, 79.87, 'Box');
INSERT INTO products (product_id, product_sku, product_name, product_description, category, dimensions, volume, weight, value, packaging_info) VALUES (68, '8120118503834', 'Evolve Next-Generation E-Tailers', 'Standard Item', 'Fashion', '10x10x10', 1.85, 7.44, 273.53, 'Box');
INSERT INTO products (product_id, product_sku, product_name, product_description, category, dimensions, volume, weight, value, packaging_info) VALUES (69, '0581718549680', 'Deploy Enterprise Infrastructures', 'Standard Item', 'Fashion', '10x10x10', 0.18, 7.95, 92.3, 'Box');
INSERT INTO products (product_id, product_sku, product_name, product_description, category, dimensions, volume, weight, value, packaging_info) VALUES (70, '6042914856353', 'Matrix User-Centric Systems', 'Standard Item', 'Food', '10x10x10', 1.5, 3.9, 252.74, 'Box');
INSERT INTO products (product_id, product_sku, product_name, product_description, category, dimensions, volume, weight, value, packaging_info) VALUES (71, '4950554825450', 'Morph Collaborative Eyeballs', 'Standard Item', 'Automotive', '10x10x10', 1.62, 0.99, 447.86, 'Box');
INSERT INTO products (product_id, product_sku, product_name, product_description, category, dimensions, volume, weight, value, packaging_info) VALUES (72, '1218471543530', 'Scale 24/365 Channels', 'Standard Item', 'Automotive', '10x10x10', 1.0, 1.61, 305.1, 'Box');
INSERT INTO products (product_id, product_sku, product_name, product_description, category, dimensions, volume, weight, value, packaging_info) VALUES (73, '4625610222268', 'Optimize Viral Communities', 'Standard Item', 'Electronics', '10x10x10', 0.12, 7.73, 171.73, 'Box');
INSERT INTO products (product_id, product_sku, product_name, product_description, category, dimensions, volume, weight, value, packaging_info) VALUES (74, '8110747258007', 'Embrace End-To-End Users', 'Standard Item', 'Automotive', '10x10x10', 1.41, 9.4, 454.74, 'Box');
INSERT INTO products (product_id, product_sku, product_name, product_description, category, dimensions, volume, weight, value, packaging_info) VALUES (75, '5094033099747', 'Envisioneer Scalable Web-Readiness', 'Standard Item', 'Electronics', '10x10x10', 1.79, 2.77, 155.81, 'Box');
INSERT INTO products (product_id, product_sku, product_name, product_description, category, dimensions, volume, weight, value, packaging_info) VALUES (76, '9338457202762', 'Generate Best-Of-Breed E-Tailers', 'Standard Item', 'Office', '10x10x10', 1.42, 8.52, 197.8, 'Box');
INSERT INTO products (product_id, product_sku, product_name, product_description, category, dimensions, volume, weight, value, packaging_info) VALUES (77, '2337100368661', 'Envisioneer Magnetic E-Tailers', 'Standard Item', 'Fashion', '10x10x10', 1.22, 9.7, 196.1, 'Box');
INSERT INTO products (product_id, product_sku, product_name, product_description, category, dimensions, volume, weight, value, packaging_info) VALUES (78, '4022559266481', 'Engineer Frictionless Solutions', 'Standard Item', 'Fashion', '10x10x10', 1.11, 4.5, 52.63, 'Box');
INSERT INTO products (product_id, product_sku, product_name, product_description, category, dimensions, volume, weight, value, packaging_info) VALUES (79, '3222195089272', 'Strategize Cutting-Edge Experiences', 'Standard Item', 'Food', '10x10x10', 1.24, 6.95, 325.64, 'Box');
INSERT INTO products (product_id, product_sku, product_name, product_description, category, dimensions, volume, weight, value, packaging_info) VALUES (80, '8836857067116', 'Revolutionize Killer Partnerships', 'Standard Item', 'Beauty', '10x10x10', 1.86, 6.47, 474.78, 'Box');
INSERT INTO products (product_id, product_sku, product_name, product_description, category, dimensions, volume, weight, value, packaging_info) VALUES (81, '9255404654705', 'Transform Collaborative Vortals', 'Standard Item', 'Electronics', '10x10x10', 1.54, 7.53, 479.57, 'Box');
INSERT INTO products (product_id, product_sku, product_name, product_description, category, dimensions, volume, weight, value, packaging_info) VALUES (82, '2358627648388', 'Matrix Frictionless Bandwidth', 'Standard Item', 'Food', '10x10x10', 0.95, 2.12, 384.77, 'Box');
INSERT INTO products (product_id, product_sku, product_name, product_description, category, dimensions, volume, weight, value, packaging_info) VALUES (83, '2216633842162', 'Brand Granular Web-Readiness', 'Standard Item', 'Automotive', '10x10x10', 1.21, 5.9, 312.86, 'Box');
INSERT INTO products (product_id, product_sku, product_name, product_description, category, dimensions, volume, weight, value, packaging_info) VALUES (84, '8654890253330', 'Leverage Compelling E-Services', 'Standard Item', 'Automotive', '10x10x10', 1.62, 5.58, 39.89, 'Box');
INSERT INTO products (product_id, product_sku, product_name, product_description, category, dimensions, volume, weight, value, packaging_info) VALUES (85, '2821274389114', 'Orchestrate Granular Roi', 'Standard Item', 'Office', '10x10x10', 1.05, 0.27, 363.41, 'Box');
INSERT INTO products (product_id, product_sku, product_name, product_description, category, dimensions, volume, weight, value, packaging_info) VALUES (86, '5104219524199', 'Morph Wireless Architectures', 'Standard Item', 'Home & Garden', '10x10x10', 1.19, 4.23, 27.91, 'Box');
INSERT INTO products (product_id, product_sku, product_name, product_description, category, dimensions, volume, weight, value, packaging_info) VALUES (87, '9820063541354', 'Utilize Turn-Key Info-Mediaries', 'Standard Item', 'Electronics', '10x10x10', 1.93, 0.68, 433.24, 'Box');
INSERT INTO products (product_id, product_sku, product_name, product_description, category, dimensions, volume, weight, value, packaging_info) VALUES (88, '0799374956043', 'Expedite Rich Networks', 'Standard Item', 'Beauty', '10x10x10', 1.75, 8.02, 8.81, 'Box');
INSERT INTO products (product_id, product_sku, product_name, product_description, category, dimensions, volume, weight, value, packaging_info) VALUES (89, '1394436346283', 'Extend Enterprise Relationships', 'Standard Item', 'Automotive', '10x10x10', 1.67, 7.9, 70.25, 'Box');
INSERT INTO products (product_id, product_sku, product_name, product_description, category, dimensions, volume, weight, value, packaging_info) VALUES (90, '3953213195162', 'Benchmark 24/365 Communities', 'Standard Item', 'Fashion', '10x10x10', 1.01, 8.64, 241.68, 'Box');
INSERT INTO products (product_id, product_sku, product_name, product_description, category, dimensions, volume, weight, value, packaging_info) VALUES (91, '1215506825135', 'Facilitate Customized Architectures', 'Standard Item', 'Beauty', '10x10x10', 1.82, 2.35, 99.03, 'Box');
INSERT INTO products (product_id, product_sku, product_name, product_description, category, dimensions, volume, weight, value, packaging_info) VALUES (92, '5828235407495', 'Revolutionize Compelling Niches', 'Standard Item', 'Electronics', '10x10x10', 1.9, 5.41, 194.98, 'Box');
INSERT INTO products (product_id, product_sku, product_name, product_description, category, dimensions, volume, weight, value, packaging_info) VALUES (93, '5424313985345', 'Visualize B2C Networks', 'Standard Item', 'Office', '10x10x10', 1.78, 6.91, 328.36, 'Box');
INSERT INTO products (product_id, product_sku, product_name, product_description, category, dimensions, volume, weight, value, packaging_info) VALUES (94, '6556599585991', 'Optimize Scalable Systems', 'Standard Item', 'Automotive', '10x10x10', 1.95, 6.04, 5.21, 'Box');
INSERT INTO products (product_id, product_sku, product_name, product_description, category, dimensions, volume, weight, value, packaging_info) VALUES (95, '2572694060342', 'Aggregate Real-Time Supply-Chains', 'Standard Item', 'Fashion', '10x10x10', 0.73, 4.58, 463.84, 'Box');
INSERT INTO products (product_id, product_sku, product_name, product_description, category, dimensions, volume, weight, value, packaging_info) VALUES (96, '2802299586337', 'Synergize Killer Metrics', 'Standard Item', 'Home & Garden', '10x10x10', 0.77, 3.63, 102.81, 'Box');
INSERT INTO products (product_id, product_sku, product_name, product_description, category, dimensions, volume, weight, value, packaging_info) VALUES (97, '2249630955993', 'Redefine Visionary Web-Readiness', 'Standard Item', 'Electronics', '10x10x10', 1.27, 7.9, 14.09, 'Box');
INSERT INTO products (product_id, product_sku, product_name, product_description, category, dimensions, volume, weight, value, packaging_info) VALUES (98, '1733747130424', 'Incentivize Collaborative Action-Items', 'Standard Item', 'Fashion', '10x10x10', 0.67, 5.68, 284.32, 'Box');
INSERT INTO products (product_id, product_sku, product_name, product_description, category, dimensions, volume, weight, value, packaging_info) VALUES (99, '4303858114131', 'Scale Mission-Critical Methodologies', 'Standard Item', 'Office', '10x10x10', 1.52, 0.3, 56.21, 'Box');
INSERT INTO products (product_id, product_sku, product_name, product_description, category, dimensions, volume, weight, value, packaging_info) VALUES (100, '3964206249069', 'Engineer Best-Of-Breed Applications', 'Standard Item', 'Office', '10x10x10', 0.98, 0.65, 422.69, 'Box');
INSERT INTO supplier_products (supplier_id, product_id, supplier_sku, supply_price, min_order_quantity, lead_time_days, is_preferred) VALUES (3, 10, 'SUP-3-10', 10.0, 10, 7, 0);
INSERT INTO supplier_products (supplier_id, product_id, supplier_sku, supply_price, min_order_quantity, lead_time_days, is_preferred) VALUES (6, 64, 'SUP-6-64', 10.0, 10, 7, 1);
INSERT INTO supplier_products (supplier_id, product_id, supplier_sku, supply_price, min_order_quantity, lead_time_days, is_preferred) VALUES (10, 81, 'SUP-10-81', 10.0, 10, 7, 0);
INSERT INTO supplier_products (supplier_id, product_id, supplier_sku, supply_price, min_order_quantity, lead_time_days, is_preferred) VALUES (6, 34, 'SUP-6-34', 10.0, 10, 7, 0);
INSERT INTO supplier_products (supplier_id, product_id, supplier_sku, supply_price, min_order_quantity, lead_time_days, is_preferred) VALUES (15, 58, 'SUP-15-58', 10.0, 10, 7, 1);
INSERT INTO supplier_products (supplier_id, product_id, supplier_sku, supply_price, min_order_quantity, lead_time_days, is_preferred) VALUES (20, 36, 'SUP-20-36', 10.0, 10, 7, 0);
INSERT INTO supplier_products (supplier_id, product_id, supplier_sku, supply_price, min_order_quantity, lead_time_days, is_preferred) VALUES (10, 38, 'SUP-10-38', 10.0, 10, 7, 1);
INSERT INTO supplier_products (supplier_id, product_id, supplier_sku, supply_price, min_order_quantity, lead_time_days, is_preferred) VALUES (9, 42, 'SUP-9-42', 10.0, 10, 7, 1);
INSERT INTO supplier_products (supplier_id, product_id, supplier_sku, supply_price, min_order_quantity, lead_time_days, is_preferred) VALUES (10, 44, 'SUP-10-44', 10.0, 10, 7, 0);
INSERT INTO supplier_products (supplier_id, product_id, supplier_sku, supply_price, min_order_quantity, lead_time_days, is_preferred) VALUES (10, 16, 'SUP-10-16', 10.0, 10, 7, 0);
INSERT INTO supplier_products (supplier_id, product_id, supplier_sku, supply_price, min_order_quantity, lead_time_days, is_preferred) VALUES (6, 1, 'SUP-6-1', 10.0, 10, 7, 1);
INSERT INTO supplier_products (supplier_id, product_id, supplier_sku, supply_price, min_order_quantity, lead_time_days, is_preferred) VALUES (19, 43, 'SUP-19-43', 10.0, 10, 7, 0);
INSERT INTO supplier_products (supplier_id, product_id, supplier_sku, supply_price, min_order_quantity, lead_time_days, is_preferred) VALUES (13, 15, 'SUP-13-15', 10.0, 10, 7,0);
INSERT INTO supplier_products (supplier_id, product_id, supplier_sku, supply_price, min_order_quantity, lead_time_days, is_preferred) VALUES (12, 97, 'SUP-12-97', 10.0, 10, 7, 1);
INSERT INTO supplier_products (supplier_id, product_id, supplier_sku, supply_price, min_order_quantity, lead_time_days, is_preferred) VALUES (18, 8, 'SUP-18-8', 10.0, 10, 7, 0);
INSERT INTO supplier_products (supplier_id, product_id, supplier_sku, supply_price, min_order_quantity, lead_time_days, is_preferred) VALUES (8, 91, 'SUP-8-91', 10.0, 10, 7, 0);
INSERT INTO supplier_products (supplier_id, product_id, supplier_sku, supply_price, min_order_quantity, lead_time_days, is_preferred) VALUES (4, 79, 'SUP-4-79', 10.0, 10, 7, 1);
INSERT INTO supplier_products (supplier_id, product_id, supplier_sku, supply_price, min_order_quantity, lead_time_days, is_preferred) VALUES (13, 9, 'SUP-13-9', 10.0, 10, 7, 1);
INSERT INTO supplier_products (supplier_id, product_id, supplier_sku, supply_price, min_order_quantity, lead_time_days, is_preferred) VALUES (14, 30, 'SUP-14-30', 10.0, 10, 7, 0);
INSERT INTO supplier_products (supplier_id, product_id, supplier_sku, supply_price, min_order_quantity, lead_time_days, is_preferred) VALUES (17, 92, 'SUP-17-92', 10.0, 10, 7, 0);
INSERT INTO supplier_products (supplier_id, product_id, supplier_sku, supply_price, min_order_quantity, lead_time_days, is_preferred) VALUES (13, 34, 'SUP-13-34', 10.0, 10, 7, 1);
INSERT INTO supplier_products (supplier_id, product_id, supplier_sku, supply_price, min_order_quantity, lead_time_days, is_preferred) VALUES (3, 73, 'SUP-3-73', 10.0, 10, 7, 1);
INSERT INTO supplier_products (supplier_id, product_id, supplier_sku, supply_price, min_order_quantity, lead_time_days, is_preferred) VALUES (1, 96, 'SUP-1-96', 10.0, 10, 7, 0);
INSERT INTO supplier_products (supplier_id, product_id, supplier_sku, supply_price, min_order_quantity, lead_time_days, is_preferred) VALUES (13, 53, 'SUP-13-53', 10.0, 10, 7, 0);
INSERT INTO supplier_products (supplier_id, product_id, supplier_sku, supply_price, min_order_quantity, lead_time_days, is_preferred) VALUES (18, 39, 'SUP-18-39', 10.0, 10, 7, 0);
INSERT INTO supplier_products (supplier_id, product_id, supplier_sku, supply_price, min_order_quantity, lead_time_days, is_preferred) VALUES (6, 68, 'SUP-6-68', 10.0, 10, 7, 0);
INSERT INTO supplier_products (supplier_id, product_id, supplier_sku, supply_price, min_order_quantity, lead_time_days, is_preferred) VALUES (20, 33, 'SUP-20-33', 10.0, 10, 7, 1);
INSERT INTO supplier_products (supplier_id, product_id, supplier_sku, supply_price, min_order_quantity, lead_time_days, is_preferred) VALUES (15, 22, 'SUP-15-22', 10.0, 10, 7, 0);
INSERT INTO supplier_products (supplier_id, product_id, supplier_sku, supply_price, min_order_quantity, lead_time_days, is_preferred) VALUES (7, 22, 'SUP-7-22', 10.0, 10, 7, 0);
INSERT INTO supplier_products (supplier_id, product_id, supplier_sku, supply_price, min_order_quantity, lead_time_days, is_preferred) VALUES (8, 67, 'SUP-8-67', 10.0, 10, 7, 0);
INSERT INTO supplier_products (supplier_id, product_id, supplier_sku, supply_price, min_order_quantity, lead_time_days, is_preferred) VALUES (3, 50, 'SUP-3-50', 10.0, 10, 7, 0);
INSERT INTO supplier_products (supplier_id, product_id, supplier_sku, supply_price, min_order_quantity, lead_time_days, is_preferred) VALUES (12, 22, 'SUP-12-22', 10.0, 10, 7, 0);
INSERT INTO supplier_products (supplier_id, product_id, supplier_sku, supply_price, min_order_quantity, lead_time_days, is_preferred) VALUES (4, 53, 'SUP-4-53', 10.0, 10, 7, 0);
INSERT INTO supplier_products (supplier_id, product_id, supplier_sku, supply_price, min_order_quantity, lead_time_days, is_preferred) VALUES (18, 33, 'SUP-18-33', 10.0, 10, 7, 0);
INSERT INTO supplier_products (supplier_id, product_id, supplier_sku, supply_price, min_order_quantity, lead_time_days, is_preferred) VALUES (14, 65, 'SUP-14-65', 10.0, 10, 7, 0);
INSERT INTO supplier_products (supplier_id, product_id, supplier_sku, supply_price, min_order_quantity, lead_time_days, is_preferred) VALUES (11, 42, 'SUP-11-42', 10.0, 10, 7, 0);
INSERT INTO supplier_products (supplier_id, product_id, supplier_sku, supply_price, min_order_quantity, lead_time_days, is_preferred) VALUES (4, 73, 'SUP-4-73', 10.0, 10, 7, 0);
INSERT INTO supplier_products (supplier_id, product_id, supplier_sku, supply_price, min_order_quantity, lead_time_days, is_preferred) VALUES (18, 26, 'SUP-18-26', 10.0, 10, 7, 0);
INSERT INTO supplier_products (supplier_id, product_id, supplier_sku, supply_price, min_order_quantity, lead_time_days, is_preferred) VALUES (14, 96, 'SUP-14-96', 10.0, 10, 7, 0);
INSERT INTO supplier_products (supplier_id, product_id, supplier_sku, supply_price, min_order_quantity, lead_time_days, is_preferred) VALUES (16, 45, 'SUP-16-45', 10.0, 10, 7, 0);
INSERT INTO supplier_products (supplier_id, product_id, supplier_sku, supply_price, min_order_quantity, lead_time_days, is_preferred) VALUES (10, 63, 'SUP-10-63', 10.0, 10, 7, 0);
INSERT INTO supplier_products (supplier_id, product_id, supplier_sku, supply_price, min_order_quantity, lead_time_days, is_preferred) VALUES (5, 9, 'SUP-5-9', 10.0, 10, 7, 0);
INSERT INTO supplier_products (supplier_id, product_id, supplier_sku, supply_price, min_order_quantity, lead_time_days, is_preferred) VALUES (13, 63, 'SUP-13-63', 10.0, 10, 7, 0);
INSERT INTO supplier_products (supplier_id, product_id, supplier_sku, supply_price, min_order_quantity, lead_time_days, is_preferred) VALUES (3, 19, 'SUP-3-19', 10.0, 10, 7, 0);
INSERT INTO supplier_products (supplier_id, product_id, supplier_sku, supply_price, min_order_quantity, lead_time_days, is_preferred) VALUES (4, 58, 'SUP-4-58', 10.0, 10, 7, 0);
INSERT INTO supplier_products (supplier_id, product_id, supplier_sku, supply_price, min_order_quantity, lead_time_days, is_preferred) VALUES (9, 38, 'SUP-9-38', 10.0, 10, 7, 0);
INSERT INTO supplier_products (supplier_id, product_id, supplier_sku, supply_price, min_order_quantity, lead_time_days, is_preferred) VALUES (15, 15, 'SUP-15-15', 10.0, 10, 7, 0);
INSERT INTO supplier_products (supplier_id, product_id, supplier_sku, supply_price, min_order_quantity, lead_time_days, is_preferred) VALUES (12, 50, 'SUP-12-50', 10.0, 10, 7, 0);
INSERT INTO supplier_products (supplier_id, product_id, supplier_sku, supply_price, min_order_quantity, lead_time_days, is_preferred) VALUES (3, 44, 'SUP-3-44', 10.0, 10, 7, 0);
INSERT INTO supplier_products (supplier_id, product_id, supplier_sku, supply_price, min_order_quantity, lead_time_days, is_preferred) VALUES (4, 83, 'SUP-4-83', 10.0, 10, 7, 0);
INSERT INTO supplier_products (supplier_id, product_id, supplier_sku, supply_price, min_order_quantity, lead_time_days, is_preferred) VALUES (1, 71, 'SUP-1-71', 10.0, 10, 7, 0);
INSERT INTO supplier_products (supplier_id, product_id, supplier_sku, supply_price, min_order_quantity, lead_time_days, is_preferred) VALUES (9, 15, 'SUP-9-15', 10.0, 10, 7, 1);
INSERT INTO supplier_products (supplier_id, product_id, supplier_sku, supply_price, min_order_quantity, lead_time_days, is_preferred) VALUES (12, 45, 'SUP-12-45', 10.0, 10, 7, 1);
INSERT INTO supplier_products (supplier_id, product_id, supplier_sku, supply_price, min_order_quantity, lead_time_days, is_preferred) VALUES (6, 90, 'SUP-6-90', 10.0, 10, 7, 1);
INSERT INTO supplier_products (supplier_id, product_id, supplier_sku, supply_price, min_order_quantity, lead_time_days, is_preferred) VALUES (2, 68, 'SUP-2-68', 10.0, 10, 7, 0);
INSERT INTO supplier_products (supplier_id, product_id, supplier_sku, supply_price, min_order_quantity, lead_time_days, is_preferred) VALUES (11, 100, 'SUP-11-100', 10.0, 10, 7, 0);
INSERT INTO supplier_products (supplier_id, product_id, supplier_sku, supply_price, min_order_quantity, lead_time_days, is_preferred) VALUES (15, 89, 'SUP-15-89', 10.0, 10, 7, 0);
INSERT INTO supplier_products (supplier_id, product_id, supplier_sku, supply_price, min_order_quantity, lead_time_days, is_preferred) VALUES (4, 63, 'SUP-4-63', 10.0, 10, 7, 0);
INSERT INTO supplier_products (supplier_id, product_id, supplier_sku, supply_price, min_order_quantity, lead_time_days, is_preferred) VALUES (12, 63, 'SUP-12-63', 10.0, 10, 7, 0);
INSERT INTO supplier_products (supplier_id, product_id, supplier_sku, supply_price, min_order_quantity, lead_time_days, is_preferred) VALUES (1, 56, 'SUP-1-56', 10.0, 10, 7, 0);
INSERT INTO supplier_products (supplier_id, product_id, supplier_sku, supply_price, min_order_quantity, lead_time_days, is_preferred) VALUES (10, 32, 'SUP-10-32', 10.0, 10, 7, 0);
INSERT INTO supplier_products (supplier_id, product_id, supplier_sku, supply_price, min_order_quantity, lead_time_days, is_preferred) VALUES (13, 23, 'SUP-13-23', 10.0, 10, 7, 0);
INSERT INTO supplier_products (supplier_id, product_id, supplier_sku, supply_price, min_order_quantity, lead_time_days, is_preferred) VALUES (11, 58, 'SUP-11-58', 10.0, 10, 7, 0);
INSERT INTO supplier_products (supplier_id, product_id, supplier_sku, supply_price, min_order_quantity, lead_time_days, is_preferred) VALUES (4, 14, 'SUP-4-14', 10.0, 10, 7, 0);
INSERT INTO supplier_products (supplier_id, product_id, supplier_sku, supply_price, min_order_quantity, lead_time_days, is_preferred) VALUES (9, 59, 'SUP-9-59', 10.0, 10, 7, 0);
INSERT INTO supplier_products (supplier_id, product_id, supplier_sku, supply_price, min_order_quantity, lead_time_days, is_preferred) VALUES (14, 7, 'SUP-14-7', 10.0, 10, 7, 0);
INSERT INTO supplier_products (supplier_id, product_id, supplier_sku, supply_price, min_order_quantity, lead_time_days, is_preferred) VALUES (10, 80, 'SUP-10-80', 10.0, 10, 7, 0);
INSERT INTO supplier_products (supplier_id, product_id, supplier_sku, supply_price, min_order_quantity, lead_time_days, is_preferred) VALUES (18, 83, 'SUP-18-83', 10.0, 10, 7, 0);
INSERT INTO supplier_products (supplier_id, product_id, supplier_sku, supply_price, min_order_quantity, lead_time_days, is_preferred) VALUES (19, 61, 'SUP-19-61', 10.0, 10, 7, 0);
INSERT INTO supplier_products (supplier_id, product_id, supplier_sku, supply_price, min_order_quantity, lead_time_days, is_preferred) VALUES (20, 81, 'SUP-20-81', 10.0, 10, 7, 0);
INSERT INTO supplier_products (supplier_id, product_id, supplier_sku, supply_price, min_order_quantity, lead_time_days, is_preferred) VALUES (15, 80, 'SUP-15-80', 10.0, 10, 7, 0);
INSERT INTO supplier_products (supplier_id, product_id, supplier_sku, supply_price, min_order_quantity, lead_time_days, is_preferred) VALUES (10, 88, 'SUP-10-88', 10.0, 10, 7, 0);
INSERT INTO supplier_products (supplier_id, product_id, supplier_sku, supply_price, min_order_quantity, lead_time_days, is_preferred) VALUES (9, 77, 'SUP-9-77', 10.0, 10, 7, 1);
INSERT INTO supplier_products (supplier_id, product_id, supplier_sku, supply_price, min_order_quantity, lead_time_days, is_preferred) VALUES (15, 73, 'SUP-15-73', 10.0, 10, 7, 0);
INSERT INTO supplier_products (supplier_id, product_id, supplier_sku, supply_price, min_order_quantity, lead_time_days, is_preferred) VALUES (6, 19, 'SUP-6-19', 10.0, 10, 7, 0);
INSERT INTO supplier_products (supplier_id, product_id, supplier_sku, supply_price, min_order_quantity, lead_time_days, is_preferred) VALUES (8, 40, 'SUP-8-40', 10.0, 10, 7, 0);
INSERT INTO supplier_products (supplier_id, product_id, supplier_sku, supply_price, min_order_quantity, lead_time_days, is_preferred) VALUES (15, 49, 'SUP-15-49', 10.0, 10, 7, 0);
INSERT INTO supplier_products (supplier_id, product_id, supplier_sku, supply_price, min_order_quantity, lead_time_days, is_preferred) VALUES (18, 14, 'SUP-18-14', 10.0, 10, 7, 0);
INSERT INTO supplier_products (supplier_id, product_id, supplier_sku, supply_price, min_order_quantity, lead_time_days, is_preferred) VALUES (3, 88, 'SUP-3-88', 10.0, 10, 7, 0);
INSERT INTO supplier_products (supplier_id, product_id, supplier_sku, supply_price, min_order_quantity, lead_time_days, is_preferred) VALUES (9, 62, 'SUP-9-62', 10.0, 10, 7, 0);
INSERT INTO supplier_products (supplier_id, product_id, supplier_sku, supply_price, min_order_quantity, lead_time_days, is_preferred) VALUES (11, 97, 'SUP-11-97', 10.0, 10, 7, 0);
INSERT INTO supplier_products (supplier_id, product_id, supplier_sku, supply_price, min_order_quantity, lead_time_days, is_preferred) VALUES (16, 14, 'SUP-16-14', 10.0, 10, 7, 0);
INSERT INTO supplier_products (supplier_id, product_id, supplier_sku, supply_price, min_order_quantity, lead_time_days, is_preferred) VALUES (11, 78, 'SUP-11-78', 10.0, 10, 7, 0);
INSERT INTO supplier_products (supplier_id, product_id, supplier_sku, supply_price, min_order_quantity, lead_time_days, is_preferred) VALUES (1, 94, 'SUP-1-94', 10.0, 10, 7, 0);
INSERT INTO supplier_products (supplier_id, product_id, supplier_sku, supply_price, min_order_quantity, lead_time_days, is_preferred) VALUES (8, 15, 'SUP-8-15', 10.0, 10, 7, 1);
INSERT INTO supplier_products (supplier_id, product_id, supplier_sku, supply_price, min_order_quantity, lead_time_days, is_preferred) VALUES (7, 48, 'SUP-7-48', 10.0, 10, 7, 0);
INSERT INTO supplier_products (supplier_id, product_id, supplier_sku, supply_price, min_order_quantity, lead_time_days, is_preferred) VALUES (3, 61, 'SUP-3-61', 10.0, 10, 7, 0);
INSERT INTO supplier_products (supplier_id, product_id, supplier_sku, supply_price, min_order_quantity, lead_time_days, is_preferred) VALUES (10, 2, 'SUP-10-2', 10.0, 10, 7, 0);
INSERT INTO supplier_products (supplier_id, product_id, supplier_sku, supply_price, min_order_quantity, lead_time_days, is_preferred) VALUES (11, 33, 'SUP-11-33', 10.0, 10, 7, 1);
INSERT INTO supplier_products (supplier_id, product_id, supplier_sku, supply_price, min_order_quantity, lead_time_days, is_preferred) VALUES (14, 63, 'SUP-14-63', 10.0, 10, 7, 0);
INSERT INTO supplier_products (supplier_id, product_id, supplier_sku, supply_price, min_order_quantity, lead_time_days, is_preferred) VALUES (14, 61, 'SUP-14-61', 10.0, 10, 7, 0);
INSERT INTO supplier_products (supplier_id, product_id, supplier_sku, supply_price, min_order_quantity, lead_time_days, is_preferred) VALUES (12, 19, 'SUP-12-19', 10.0, 10, 7, 0);
INSERT INTO supplier_products (supplier_id, product_id, supplier_sku, supply_price, min_order_quantity, lead_time_days, is_preferred) VALUES (20, 28, 'SUP-20-28', 10.0, 10, 7, 0);
INSERT INTO supplier_products (supplier_id, product_id, supplier_sku, supply_price, min_order_quantity, lead_time_days, is_preferred) VALUES (11, 43, 'SUP-11-43', 10.0, 10, 7, 0);
INSERT INTO supplier_products (supplier_id, product_id, supplier_sku, supply_price, min_order_quantity, lead_time_days, is_preferred) VALUES (11, 41, 'SUP-11-41', 10.0, 10, 7, 0);
INSERT INTO supplier_products (supplier_id, product_id, supplier_sku, supply_price, min_order_quantity, lead_time_days, is_preferred) VALUES (4, 41, 'SUP-4-41', 10.0, 10, 7, 0);
INSERT INTO supplier_products (supplier_id, product_id, supplier_sku, supply_price, min_order_quantity, lead_time_days, is_preferred) VALUES (1, 93, 'SUP-1-93', 10.0, 10, 7, 0);
INSERT INTO supplier_products (supplier_id, product_id, supplier_sku, supply_price, min_order_quantity, lead_time_days, is_preferred) VALUES (9, 1, 'SUP-9-1', 10.0, 10, 7, 0);
INSERT INTO supplier_products (supplier_id, product_id, supplier_sku, supply_price, min_order_quantity, lead_time_days, is_preferred) VALUES (13, 91, 'SUP-13-91', 10.0, 10, 7, 0);
INSERT INTO supplier_products (supplier_id, product_id, supplier_sku, supply_price, min_order_quantity, lead_time_days, is_preferred) VALUES (19, 71, 'SUP-19-71', 10.0, 10, 7, 0);
INSERT INTO supplier_products (supplier_id, product_id, supplier_sku, supply_price, min_order_quantity, lead_time_days, is_preferred) VALUES (15, 43, 'SUP-15-43', 10.0, 10, 7, 0);
INSERT INTO supplier_products (supplier_id, product_id, supplier_sku, supply_price, min_order_quantity, lead_time_days, is_preferred) VALUES (17, 34, 'SUP-17-34', 10.0, 10, 7, 0);
INSERT INTO supplier_products (supplier_id, product_id, supplier_sku, supply_price, min_order_quantity, lead_time_days, is_preferred) VALUES (20, 24, 'SUP-20-24', 10.0, 10, 7, 0);
INSERT INTO supplier_products (supplier_id, product_id, supplier_sku, supply_price, min_order_quantity, lead_time_days, is_preferred) VALUES (10, 18, 'SUP-10-18', 10.0, 10, 7, 0);
INSERT INTO supplier_products (supplier_id, product_id, supplier_sku, supply_price, min_order_quantity, lead_time_days, is_preferred) VALUES (11, 44, 'SUP-11-44', 10.0, 10, 7, 0);
INSERT INTO supplier_products (supplier_id, product_id, supplier_sku, supply_price, min_order_quantity, lead_time_days, is_preferred) VALUES (12, 69, 'SUP-12-69', 10.0, 10, 7, 0);
INSERT INTO supplier_products (supplier_id, product_id, supplier_sku, supply_price, min_order_quantity, lead_time_days, is_preferred) VALUES (3, 54, 'SUP-3-54', 10.0, 10, 7, 0);
INSERT INTO supplier_products (supplier_id, product_id, supplier_sku, supply_price, min_order_quantity, lead_time_days, is_preferred) VALUES (2, 16, 'SUP-2-16', 10.0, 10, 7, 0);
INSERT INTO supplier_products (supplier_id, product_id, supplier_sku, supply_price, min_order_quantity, lead_time_days, is_preferred) VALUES (20, 10, 'SUP-20-10', 10.0, 10, 7, 0);
INSERT INTO supplier_products (supplier_id, product_id, supplier_sku, supply_price, min_order_quantity, lead_time_days, is_preferred) VALUES (19, 28, 'SUP-19-28', 10.0, 10, 7, 0);
INSERT INTO supplier_products (supplier_id, product_id, supplier_sku, supply_price, min_order_quantity, lead_time_days, is_preferred) VALUES (9, 70, 'SUP-9-70', 10.0, 10, 7, 0);
INSERT INTO supplier_products (supplier_id, product_id, supplier_sku, supply_price, min_order_quantity, lead_time_days, is_preferred) VALUES (10, 64, 'SUP-10-64', 10.0, 10, 7, 0);
INSERT INTO supplier_products (supplier_id, product_id, supplier_sku, supply_price, min_order_quantity, lead_time_days, is_preferred) VALUES (19, 84, 'SUP-19-84', 10.0, 10, 7, 0);
INSERT INTO supplier_products (supplier_id, product_id, supplier_sku, supply_price, min_order_quantity, lead_time_days, is_preferred) VALUES (11, 22, 'SUP-11-22', 10.0, 10, 7, 0);
INSERT INTO supplier_products (supplier_id, product_id, supplier_sku, supply_price, min_order_quantity, lead_time_days, is_preferred) VALUES (8, 54, 'SUP-8-54', 10.0, 10, 7, 0);
INSERT INTO supplier_products (supplier_id, product_id, supplier_sku, supply_price, min_order_quantity, lead_time_days, is_preferred) VALUES (2, 74, 'SUP-2-74', 10.0, 10, 7, 0);
INSERT INTO supplier_products (supplier_id, product_id, supplier_sku, supply_price, min_order_quantity, lead_time_days, is_preferred) VALUES (20, 48, 'SUP-20-48', 10.0, 10, 7, 0);
INSERT INTO supplier_products (supplier_id, product_id, supplier_sku, supply_price, min_order_quantity, lead_time_days, is_preferred) VALUES (8, 31, 'SUP-8-31', 10.0, 10, 7, 0);
INSERT INTO supplier_products (supplier_id, product_id, supplier_sku, supply_price, min_order_quantity, lead_time_days, is_preferred) VALUES (11, 89, 'SUP-11-89', 10.0, 10, 7, 0);
INSERT INTO supplier_products (supplier_id, product_id, supplier_sku, supply_price, min_order_quantity, lead_time_days, is_preferred) VALUES (18, 75, 'SUP-18-75', 10.0, 10, 7,0);
INSERT INTO supplier_products (supplier_id, product_id, supplier_sku, supply_price, min_order_quantity, lead_time_days, is_preferred) VALUES (9, 81, 'SUP-9-81', 10.0, 10, 7, 0);
INSERT INTO supplier_products (supplier_id, product_id, supplier_sku, supply_price, min_order_quantity, lead_time_days, is_preferred) VALUES (17, 91, 'SUP-17-91', 10.0, 10, 7, 0);
INSERT INTO supplier_products (supplier_id, product_id, supplier_sku, supply_price, min_order_quantity, lead_time_days, is_preferred) VALUES (12, 82, 'SUP-12-82', 10.0, 10, 7, 0);
INSERT INTO supplier_products (supplier_id, product_id, supplier_sku, supply_price, min_order_quantity, lead_time_days, is_preferred) VALUES (20, 21, 'SUP-20-21', 10.0, 10, 7, 0);
INSERT INTO supplier_products (supplier_id, product_id, supplier_sku, supply_price, min_order_quantity, lead_time_days, is_preferred) VALUES (15, 56, 'SUP-15-56', 10.0, 10, 7, 0);
INSERT INTO supplier_products (supplier_id, product_id, supplier_sku, supply_price, min_order_quantity, lead_time_days, is_preferred) VALUES (10, 20, 'SUP-10-20', 10.0, 10, 7, 0);
INSERT INTO supplier_products (supplier_id, product_id, supplier_sku, supply_price, min_order_quantity, lead_time_days, is_preferred) VALUES (10, 93, 'SUP-10-93', 10.0, 10, 7, 0);
INSERT INTO supplier_products (supplier_id, product_id, supplier_sku, supply_price, min_order_quantity, lead_time_days, is_preferred) VALUES (5, 85, 'SUP-5-85', 10.0, 10, 7, 0);
INSERT INTO supplier_products (supplier_id, product_id, supplier_sku, supply_price, min_order_quantity, lead_time_days, is_preferred) VALUES (20, 15, 'SUP-20-15', 10.0, 10, 7, 0);
INSERT INTO supplier_products (supplier_id, product_id, supplier_sku, supply_price, min_order_quantity, lead_time_days, is_preferred) VALUES (7, 28, 'SUP-7-28', 10.0, 10, 7, 0);
INSERT INTO supplier_products (supplier_id, product_id, supplier_sku, supply_price, min_order_quantity, lead_time_days, is_preferred) VALUES (18, 69, 'SUP-18-69', 10.0, 10, 7, 0);
INSERT INTO supplier_products (supplier_id, product_id, supplier_sku, supply_price, min_order_quantity, lead_time_days, is_preferred) VALUES (2, 7, 'SUP-2-7', 10.0, 10, 7, 0);
INSERT INTO supplier_products (supplier_id, product_id, supplier_sku, supply_price, min_order_quantity, lead_time_days, is_preferred) VALUES (2, 21, 'SUP-2-21', 10.0, 10, 7, 0);
INSERT INTO supplier_products (supplier_id, product_id, supplier_sku, supply_price, min_order_quantity, lead_time_days, is_preferred) VALUES (7, 19, 'SUP-7-19', 10.0, 10, 7, 0);
INSERT INTO supplier_products (supplier_id, product_id, supplier_sku, supply_price, min_order_quantity, lead_time_days, is_preferred) VALUES (15, 38, 'SUP-15-38', 10.0, 10, 7, 0);
INSERT INTO supplier_products (supplier_id, product_id, supplier_sku, supply_price, min_order_quantity, lead_time_days, is_preferred) VALUES (12, 67, 'SUP-12-67', 10.0, 10, 7, 0);
INSERT INTO supplier_products (supplier_id, product_id, supplier_sku, supply_price, min_order_quantity, lead_time_days, is_preferred) VALUES (8, 90, 'SUP-8-90', 10.0, 10, 7, 0);
INSERT INTO supplier_products (supplier_id, product_id, supplier_sku, supply_price, min_order_quantity, lead_time_days, is_preferred) VALUES (19, 74, 'SUP-19-74', 10.0, 10, 7, 0);
INSERT INTO supplier_products (supplier_id, product_id, supplier_sku, supply_price, min_order_quantity, lead_time_days, is_preferred) VALUES (8, 13, 'SUP-8-13', 10.0, 10, 7, 0);
INSERT INTO supplier_products (supplier_id, product_id, supplier_sku, supply_price, min_order_quantity, lead_time_days, is_preferred) VALUES (5, 34, 'SUP-5-34', 10.0, 10, 7, 0);
INSERT INTO supplier_products (supplier_id, product_id, supplier_sku, supply_price, min_order_quantity, lead_time_days, is_preferred) VALUES (11, 50, 'SUP-11-50', 10.0, 10, 7, 1);
INSERT INTO supplier_products (supplier_id, product_id, supplier_sku, supply_price, min_order_quantity, lead_time_days, is_preferred) VALUES (11, 93, 'SUP-11-93', 10.0, 10, 7, 0);
INSERT INTO supplier_products (supplier_id, product_id, supplier_sku, supply_price, min_order_quantity, lead_time_days, is_preferred) VALUES (6, 91, 'SUP-6-91', 10.0, 10, 7, 1);
INSERT INTO supplier_products (supplier_id, product_id, supplier_sku, supply_price, min_order_quantity, lead_time_days, is_preferred) VALUES (18, 99, 'SUP-18-99', 10.0, 10, 7, 1);
INSERT INTO supplier_products (supplier_id, product_id, supplier_sku, supply_price, min_order_quantity, lead_time_days, is_preferred) VALUES (19, 27, 'SUP-19-27', 10.0, 10, 7, 0);
INSERT INTO supplier_products (supplier_id, product_id, supplier_sku, supply_price, min_order_quantity, lead_time_days, is_preferred) VALUES (17, 29, 'SUP-17-29', 10.0, 10, 7, 0);
INSERT INTO supplier_products (supplier_id, product_id, supplier_sku, supply_price, min_order_quantity, lead_time_days, is_preferred) VALUES (7, 5, 'SUP-7-5', 10.0, 10, 7, 1);
INSERT INTO supplier_products (supplier_id, product_id, supplier_sku, supply_price, min_order_quantity, lead_time_days, is_preferred) VALUES (12, 38, 'SUP-12-38', 10.0, 10, 7, 0);
INSERT INTO supplier_products (supplier_id, product_id, supplier_sku, supply_price, min_order_quantity, lead_time_days, is_preferred) VALUES (19, 73, 'SUP-19-73', 10.0, 10, 7, 0);
INSERT INTO supplier_products (supplier_id, product_id, supplier_sku, supply_price, min_order_quantity, lead_time_days, is_preferred) VALUES (19, 96, 'SUP-19-96', 10.0, 10, 7, 0);
INSERT INTO supplier_products (supplier_id, product_id, supplier_sku, supply_price, min_order_quantity, lead_time_days, is_preferred) VALUES (3, 84, 'SUP-3-84', 10.0, 10, 7, 0);
INSERT INTO supplier_products (supplier_id, product_id, supplier_sku, supply_price, min_order_quantity, lead_time_days, is_preferred) VALUES (12, 62, 'SUP-12-62', 10.0, 10, 7, 0);
INSERT INTO supplier_products (supplier_id, product_id, supplier_sku, supply_price, min_order_quantity, lead_time_days, is_preferred) VALUES (19, 29, 'SUP-19-29', 10.0, 10, 7, 0);
INSERT INTO supplier_products (supplier_id, product_id, supplier_sku, supply_price, min_order_quantity, lead_time_days, is_preferred) VALUES (17, 88, 'SUP-17-88', 10.0, 10, 7, 0);
INSERT INTO supplier_products (supplier_id, product_id, supplier_sku, supply_price, min_order_quantity, lead_time_days, is_preferred) VALUES (11, 16, 'SUP-11-16', 10.0, 10, 7, 0);
INSERT INTO supplier_products (supplier_id, product_id, supplier_sku, supply_price, min_order_quantity, lead_time_days, is_preferred) VALUES (19, 34, 'SUP-19-34', 10.0, 10, 7, 0);
INSERT INTO supplier_products (supplier_id, product_id, supplier_sku, supply_price, min_order_quantity, lead_time_days, is_preferred) VALUES (15, 21, 'SUP-15-21', 10.0, 10, 7, 0);
INSERT INTO supplier_products (supplier_id, product_id, supplier_sku, supply_price, min_order_quantity, lead_time_days, is_preferred) VALUES (6, 15, 'SUP-6-15', 10.0, 10, 7, 0);
INSERT INTO supplier_products (supplier_id, product_id, supplier_sku, supply_price, min_order_quantity, lead_time_days, is_preferred) VALUES (11, 64, 'SUP-11-64', 10.0, 10, 7, 0);
INSERT INTO supplier_products (supplier_id, product_id, supplier_sku, supply_price, min_order_quantity, lead_time_days, is_preferred) VALUES (5, 28, 'SUP-5-28', 10.0, 10, 7, 0);
INSERT INTO supplier_products (supplier_id, product_id, supplier_sku, supply_price, min_order_quantity, lead_time_days, is_preferred) VALUES (6, 45, 'SUP-6-45', 10.0, 10, 7, 0);
INSERT INTO supplier_products (supplier_id, product_id, supplier_sku, supply_price, min_order_quantity, lead_time_days, is_preferred) VALUES (3, 97, 'SUP-3-97', 10.0, 10, 7, 0);
INSERT INTO supplier_products (supplier_id, product_id, supplier_sku, supply_price, min_order_quantity, lead_time_days, is_preferred) VALUES (10, 31, 'SUP-10-31', 10.0, 10, 7, 0);
INSERT INTO supplier_products (supplier_id, product_id, supplier_sku, supply_price, min_order_quantity, lead_time_days, is_preferred) VALUES (17, 74, 'SUP-17-74', 10.0, 10, 7, 0);
INSERT INTO supplier_products (supplier_id, product_id, supplier_sku, supply_price, min_order_quantity, lead_time_days, is_preferred) VALUES (20, 27, 'SUP-20-27', 10.0, 10, 7, 0);
INSERT INTO supplier_products (supplier_id, product_id, supplier_sku, supply_price, min_order_quantity, lead_time_days, is_preferred) VALUES (4, 39, 'SUP-4-39', 10.0, 10, 7, 0);
INSERT INTO supplier_products (supplier_id, product_id, supplier_sku, supply_price, min_order_quantity, lead_time_days, is_preferred) VALUES (10, 11, 'SUP-10-11', 10.0, 10, 7, 0);
INSERT INTO supplier_products (supplier_id, product_id, supplier_sku, supply_price, min_order_quantity, lead_time_days, is_preferred) VALUES (7, 12, 'SUP-7-12', 10.0, 10, 7, 0);
INSERT INTO supplier_products (supplier_id, product_id, supplier_sku, supply_price, min_order_quantity, lead_time_days, is_preferred) VALUES (1, 53, 'SUP-1-53', 10.0, 10, 7, 0);
INSERT INTO supplier_products (supplier_id, product_id, supplier_sku, supply_price, min_order_quantity, lead_time_days, is_preferred) VALUES (15, 31, 'SUP-15-31', 10.0, 10, 7, 0);
INSERT INTO supplier_products (supplier_id, product_id, supplier_sku, supply_price, min_order_quantity, lead_time_days, is_preferred) VALUES (7, 52, 'SUP-7-52', 10.0, 10, 7, 1);
INSERT INTO supplier_products (supplier_id, product_id, supplier_sku, supply_price, min_order_quantity, lead_time_days, is_preferred) VALUES (17, 96, 'SUP-17-96', 10.0, 10, 7, 0);
INSERT INTO supplier_products (supplier_id, product_id, supplier_sku, supply_price, min_order_quantity, lead_time_days, is_preferred) VALUES (14, 88, 'SUP-14-88', 10.0, 10, 7, 1);
INSERT INTO supplier_products (supplier_id, product_id, supplier_sku, supply_price, min_order_quantity, lead_time_days, is_preferred) VALUES (5, 30, 'SUP-5-30', 10.0, 10, 7, 0);
INSERT INTO supplier_products (supplier_id, product_id, supplier_sku, supply_price, min_order_quantity, lead_time_days, is_preferred) VALUES (17, 25, 'SUP-17-25', 10.0, 10, 7, 0);
INSERT INTO supplier_products (supplier_id, product_id, supplier_sku, supply_price, min_order_quantity, lead_time_days, is_preferred) VALUES (11, 6, 'SUP-11-6', 10.0, 10, 7, 1);
INSERT INTO supplier_products (supplier_id, product_id, supplier_sku, supply_price, min_order_quantity, lead_time_days, is_preferred) VALUES (2, 62, 'SUP-2-62', 10.0, 10, 7, 0);
INSERT INTO supplier_products (supplier_id, product_id, supplier_sku, supply_price, min_order_quantity, lead_time_days, is_preferred) VALUES (8, 92, 'SUP-8-92', 10.0, 10, 7, 1);
INSERT INTO supplier_products (supplier_id, product_id, supplier_sku, supply_price, min_order_quantity, lead_time_days, is_preferred) VALUES (2, 87, 'SUP-2-87', 10.0, 10, 7, 0);
INSERT INTO supplier_products (supplier_id, product_id, supplier_sku, supply_price, min_order_quantity, lead_time_days, is_preferred) VALUES (7, 62, 'SUP-7-62', 10.0, 10, 7, 1);
INSERT INTO supplier_products (supplier_id, product_id, supplier_sku, supply_price, min_order_quantity, lead_time_days, is_preferred) VALUES (19, 4, 'SUP-19-4', 10.0, 10, 7, 1);
INSERT INTO supplier_products (supplier_id, product_id, supplier_sku, supply_price, min_order_quantity, lead_time_days, is_preferred) VALUES (19, 41, 'SUP-19-41', 10.0, 10, 7, 1);
INSERT INTO supplier_products (supplier_id, product_id, supplier_sku, supply_price, min_order_quantity, lead_time_days, is_preferred) VALUES (12, 39, 'SUP-12-39', 10.0, 10, 7, 1);
INSERT INTO supplier_products (supplier_id, product_id, supplier_sku, supply_price, min_order_quantity, lead_time_days, is_preferred) VALUES (3, 11, 'SUP-3-11', 10.0, 10, 7, 1);
INSERT INTO supplier_products (supplier_id, product_id, supplier_sku, supply_price, min_order_quantity, lead_time_days, is_preferred) VALUES (7, 72, 'SUP-7-72', 10.0, 10, 7, 1);
INSERT INTO supplier_products (supplier_id, product_id, supplier_sku, supply_price, min_order_quantity, lead_time_days, is_preferred) VALUES (13, 45, 'SUP-13-45', 10.0, 10, 7, 1);
INSERT INTO supplier_products (supplier_id, product_id, supplier_sku, supply_price, min_order_quantity, lead_time_days, is_preferred) VALUES (6, 41, 'SUP-6-41', 10.0, 10, 7, 0);
INSERT INTO supplier_products (supplier_id, product_id, supplier_sku, supply_price, min_order_quantity, lead_time_days, is_preferred) VALUES (8, 58, 'SUP-8-58', 10.0, 10, 7, 0);
INSERT INTO supplier_products (supplier_id, product_id, supplier_sku, supply_price, min_order_quantity, lead_time_days, is_preferred) VALUES (4, 78, 'SUP-4-78', 10.0, 10, 7, 1);
INSERT INTO supplier_products (supplier_id, product_id, supplier_sku, supply_price, min_order_quantity, lead_time_days, is_preferred) VALUES (7, 3, 'SUP-7-3', 10.0, 10, 7, 0);
INSERT INTO supplier_products (supplier_id, product_id, supplier_sku, supply_price, min_order_quantity, lead_time_days, is_preferred) VALUES (8, 55, 'SUP-8-55', 10.0, 10, 7, 0);
INSERT INTO supplier_products (supplier_id, product_id, supplier_sku, supply_price, min_order_quantity, lead_time_days, is_preferred) VALUES (4, 90, 'SUP-4-90', 10.0, 10, 7, 0);
INSERT INTO supplier_products (supplier_id, product_id, supplier_sku, supply_price, min_order_quantity, lead_time_days, is_preferred) VALUES (18, 63, 'SUP-18-63', 10.0, 10, 7, 0);
INSERT INTO supplier_products (supplier_id, product_id, supplier_sku, supply_price, min_order_quantity, lead_time_days, is_preferred) VALUES (3, 39, 'SUP-3-39', 10.0, 10, 7, 0);
INSERT INTO supplier_products (supplier_id, product_id, supplier_sku, supply_price, min_order_quantity, lead_time_days, is_preferred) VALUES (6, 78, 'SUP-6-78', 10.0, 10, 7, 0);
INSERT INTO supplier_products (supplier_id, product_id, supplier_sku, supply_price, min_order_quantity, lead_time_days, is_preferred) VALUES (10, 65, 'SUP-10-65', 10.0, 10, 7, 0);
INSERT INTO supplier_products (supplier_id, product_id, supplier_sku, supply_price, min_order_quantity, lead_time_days, is_preferred) VALUES (19, 18, 'SUP-19-18', 10.0, 10, 7, 0);
INSERT INTO supplier_products (supplier_id, product_id, supplier_sku, supply_price, min_order_quantity, lead_time_days, is_preferred) VALUES (4, 81, 'SUP-4-81', 10.0, 10, 7, 0);
INSERT INTO supplier_products (supplier_id, product_id, supplier_sku, supply_price, min_order_quantity, lead_time_days, is_preferred) VALUES (4, 95, 'SUP-4-95', 10.0, 10, 7, 0);
INSERT INTO supplier_products (supplier_id, product_id, supplier_sku, supply_price, min_order_quantity, lead_time_days, is_preferred) VALUES (19, 65, 'SUP-19-65', 10.0, 10, 7, 0);
INSERT INTO employees (employee_id, employee_number, employee_name, department, position, contact_phone, email, employment_status, warehouse_id) VALUES (1, 'EMP0001', 'Joanne Wheeler', 'order_processing', 'Scheduling Clerk', '(820)921-7935x03359', 'joanne.wheeler@logistics-hub.com', 'active', 1);
INSERT INTO employees (employee_id, employee_number, employee_name, department, position, contact_phone, email, employment_status, warehouse_id) VALUES (2, 'EMP0002', 'Carrie Walker', 'warehouse_ops', 'Inventory Specialist', '(513)307-7156x5646', 'carrie.walker@global-wms.net', 'active', 2);
INSERT INTO employees (employee_id, employee_number, employee_name, department, position, contact_phone, email, employment_status, warehouse_id) VALUES (3, 'EMP0003', 'Eric Hendrix', 'warehouse_ops', 'Inventory Specialist', '001-600-265-7473x278', 'eric.hendrix@warehousing.co', 'active', 3);
INSERT INTO employees (employee_id, employee_number, employee_name, department, position, contact_phone, email, employment_status, warehouse_id) VALUES (4, 'EMP0004', 'Richard Lopez', 'warehouse_ops', 'Picker', '748-387-7135x7787', 'richard.lopez@logistics-hub.com', 'active', 4);
INSERT INTO employees (employee_id, employee_number, employee_name, department, position, contact_phone, email, employment_status, warehouse_id) VALUES (5, 'EMP0005', 'Jason Floyd', 'warehouse_ops', 'Packer', '3828699669', 'jason.floyd@fast-supply.org', 'active', 5);
INSERT INTO employees (employee_id, employee_number, employee_name, department, position, contact_phone, email, employment_status, warehouse_id) VALUES (6, 'EMP0006', 'Richard Poole', 'warehouse_ops', 'Shift Supervisor', '718.691.0422', 'richard.poole@warehousing.co', 'active', 1);
INSERT INTO employees (employee_id, employee_number, employee_name, department, position, contact_phone, email, employment_status, warehouse_id) VALUES (7, 'EMP0007', 'Amy Barnett', 'system_admin', 'System Administrator', '001-296-946-6069x8236', 'amy.barnett@logistics-hub.com', 'active', 2);
INSERT INTO employees (employee_id, employee_number, employee_name, department, position, contact_phone, email, employment_status, warehouse_id) VALUES (8, 'EMP0008', 'Kristen Pearson', 'warehouse_ops', 'Shift Supervisor', '8097736986', 'kristen.pearson@fast-supply.org', 'active', 3);
INSERT INTO employees (employee_id, employee_number, employee_name, department, position, contact_phone, email, employment_status, warehouse_id) VALUES (9, 'EMP0009', 'Susan Wilcox', 'order_processing', 'Logistics Coordinator', '001-651-273-4068x75210', 'susan.wilcox@warehousing.co', 'leave', 4);
INSERT INTO employees (employee_id, employee_number, employee_name, department, position, contact_phone, email, employment_status, warehouse_id) VALUES (10, 'EMP0010', 'Paul Smith', 'system_admin', 'Network Tech', '566-524-9942', 'paul.smith@logistics-hub.com', 'active', 5);
INSERT INTO employees (employee_id, employee_number, employee_name, department, position, contact_phone, email, employment_status, warehouse_id) VALUES (11, 'EMP0011', 'Taylor Cook', 'warehouse_ops', 'Forklift Operator', '(335)702-3871x73682', 'taylor.cook@logistics-hub.com', 'active', 1);
INSERT INTO employees (employee_id, employee_number, employee_name, department, position, contact_phone, email, employment_status, warehouse_id) VALUES (12, 'EMP0012', 'Keith Ramsey', 'order_processing', 'Order Entry Clerk', '+1-987-989-5228x8402', 'keith.ramsey@global-wms.net', 'active', 2);
INSERT INTO employees (employee_id, employee_number, employee_name, department, position, contact_phone, email, employment_status, warehouse_id) VALUES (13, 'EMP0013', 'Jonathan Adams', 'system_admin', 'IT Support Specialist', '724-448-1264x11730', 'jonathan.adams@logistics-hub.com', 'active', 3);
INSERT INTO employees (employee_id, employee_number, employee_name, department, position, contact_phone, email, employment_status, warehouse_id) VALUES (14, 'EMP0014', 'Martha Lawrence', 'warehouse_ops', 'Inventory Specialist', '+1-416-932-3054x864', 'martha.lawrence@global-wms.net', 'active', 4);
INSERT INTO employees (employee_id, employee_number, employee_name, department, position, contact_phone, email, employment_status, warehouse_id) VALUES (15, 'EMP0015', 'Caleb Wise', 'order_processing', 'Logistics Coordinator', '(472)927-1894x399', 'caleb.wise@warehousing.co', 'active', 5);
INSERT INTO employees (employee_id, employee_number, employee_name, department, position, contact_phone, email, employment_status, warehouse_id) VALUES (16, 'EMP0016', 'Aaron Butler', 'order_processing', 'Customer Service Rep', '(890)823-2204', 'aaron.butler@warehousing.co', 'active', 1);
INSERT INTO employees (employee_id, employee_number, employee_name, department, position, contact_phone, email, employment_status, warehouse_id) VALUES (17, 'EMP0017', 'Justin Rivera', 'warehouse_ops', 'Dock Worker', '001-830-560-6799x636', 'justin.rivera@global-wms.net', 'active', 2);
INSERT INTO employees (employee_id, employee_number, employee_name, department, position, contact_phone, email, employment_status, warehouse_id) VALUES (18, 'EMP0018', 'Amanda Thomas', 'quality_control', 'Compliance Officer', '809.940.9415', 'amanda.thomas@global-wms.net', 'active', 3);
INSERT INTO employees (employee_id, employee_number, employee_name, department, position, contact_phone, email, employment_status, warehouse_id) VALUES (19, 'EMP0019', 'Vincent Baker', 'warehouse_ops', 'Material Handler', '710-306-6241x45045', 'vincent.baker@fast-supply.org', 'active', 4);
INSERT INTO employees (employee_id, employee_number, employee_name, department, position, contact_phone, email, employment_status, warehouse_id) VALUES (20, 'EMP0020', 'Christine Scott', 'warehouse_ops', 'Dock Worker', '(529)700-5660x445', 'christine.scott@logistics-hub.com', 'active', 5);
INSERT INTO employees (employee_id, employee_number, employee_name, department, position, contact_phone, email, employment_status, warehouse_id) VALUES (21, 'EMP0021', 'Shane Crane', 'warehouse_ops', 'Inventory Specialist', '721.727.9140', 'shane.crane@global-wms.net', 'active', 1);
INSERT INTO employees (employee_id, employee_number, employee_name, department, position, contact_phone, email, employment_status, warehouse_id) VALUES (22, 'EMP0022', 'Thomas Wright', 'quality_control', 'Compliance Officer', '(269)788-2909x86011', 'thomas.wright@warehousing.co', 'active', 2);
INSERT INTO employees (employee_id, employee_number, employee_name, department, position, contact_phone, email, employment_status, warehouse_id) VALUES (23, 'EMP0023', 'Karen Armstrong', 'warehouse_ops', 'Dock Worker', '001-886-223-2071x555', 'karen.armstrong@fast-supply.org', 'terminated', 3);
INSERT INTO employees (employee_id, employee_number, employee_name, department, position, contact_phone, email, employment_status, warehouse_id) VALUES (24, 'EMP0024', 'Michael White', 'system_admin', 'Data Analyst', '289-771-2603', 'michael.white@logistics-hub.com', 'active', 4);
INSERT INTO employees (employee_id, employee_number, employee_name, department, position, contact_phone, email, employment_status, warehouse_id) VALUES (25, 'EMP0025', 'Joseph Foley', 'warehouse_ops', 'Inventory Specialist', '(725)955-8042', 'joseph.foley@global-wms.net', 'active', 5);
INSERT INTO employees (employee_id, employee_number, employee_name, department, position, contact_phone, email, employment_status, warehouse_id) VALUES (26, 'EMP0026', 'April Powell', 'order_processing', 'Logistics Coordinator', '239-555-7686x1492', 'april.powell@fast-supply.org', 'active', 1);
INSERT INTO employees (employee_id, employee_number, employee_name, department, position, contact_phone, email, employment_status, warehouse_id) VALUES (27, 'EMP0027', 'Brittney Galvan', 'warehouse_ops', 'Picker', '+1-446-953-5131', 'brittney.galvan@warehousing.co', 'terminated', 2);
INSERT INTO employees (employee_id, employee_number, employee_name, department, position, contact_phone, email, employment_status, warehouse_id) VALUES (28, 'EMP0028', 'Samantha Perry', 'warehouse_ops', 'Shift Supervisor', '248.896.7227x4594', 'samantha.perry@fast-supply.org', 'active', 3);
INSERT INTO employees (employee_id, employee_number, employee_name, department, position, contact_phone, email, employment_status, warehouse_id) VALUES (29, 'EMP0029', 'George Walker', 'warehouse_ops', 'Shift Supervisor', '(286)935-3297x9249', 'george.walker@warehousing.co', 'active', 4);
INSERT INTO employees (employee_id, employee_number, employee_name, department, position, contact_phone, email, employment_status, warehouse_id) VALUES (30, 'EMP0030', 'Andrew Walters', 'warehouse_ops', 'Dock Worker', '584-395-5391x78326', 'andrew.walters@warehousing.co', 'active', 5);
INSERT INTO employees (employee_id, employee_number, employee_name, department, position, contact_phone, email, employment_status, warehouse_id) VALUES (31, 'EMP0031', 'Cheryl Rojas', 'warehouse_ops', 'Dock Worker', '777.234.9095x0917', 'cheryl.rojas@global-wms.net', 'active', 1);
INSERT INTO employees (employee_id, employee_number, employee_name, department, position, contact_phone, email, employment_status, warehouse_id) VALUES (32, 'EMP0032', 'Joseph Cooper', 'warehouse_ops', 'Shift Supervisor', '205.503.1920', 'joseph.cooper@global-wms.net', 'active', 2);
INSERT INTO employees (employee_id, employee_number, employee_name, department, position, contact_phone, email, employment_status, warehouse_id) VALUES (33, 'EMP0033', 'Greg Anderson', 'warehouse_ops', 'Inventory Specialist', '+1-534-555-3990x5837', 'greg.anderson@logistics-hub.com', 'active', 3);
INSERT INTO employees (employee_id, employee_number, employee_name, department, position, contact_phone, email, employment_status, warehouse_id) VALUES (34, 'EMP0034', 'James Foster', 'warehouse_ops', 'Shift Supervisor', '001-262-306-6842x602', 'james.foster@warehousing.co', 'active', 4);
INSERT INTO employees (employee_id, employee_number, employee_name, department, position, contact_phone, email, employment_status, warehouse_id) VALUES (35, 'EMP0035', 'Kathryn Barnes', 'warehouse_ops', 'Packer', '(656)828-5695x2601', 'kathryn.barnes@global-wms.net', 'active', 5);
INSERT INTO employees (employee_id, employee_number, employee_name, department, position, contact_phone, email, employment_status, warehouse_id) VALUES (36, 'EMP0036', 'Melissa Holmes', 'warehouse_ops', 'Material Handler', '(530)394-6291', 'melissa.holmes@logistics-hub.com', 'active', 1);
INSERT INTO employees (employee_id, employee_number, employee_name, department, position, contact_phone, email, employment_status, warehouse_id) VALUES (37, 'EMP0037', 'Cameron Shaffer', 'warehouse_ops', 'Inventory Specialist', '274.340.4021x9342', 'cameron.shaffer@global-wms.net', 'active', 2);
INSERT INTO employees (employee_id, employee_number, employee_name, department, position, contact_phone, email, employment_status, warehouse_id) VALUES (38, 'EMP0038', 'Eric Taylor', 'warehouse_ops', 'Dock Worker', '(269)409-6427x9481', 'eric.taylor@logistics-hub.com', 'active', 3);
INSERT INTO employees (employee_id, employee_number, employee_name, department, position, contact_phone, email, employment_status, warehouse_id) VALUES (39, 'EMP0039', 'Amanda Goodwin', 'warehouse_ops', 'Picker', '(482)710-5639x6574', 'amanda.goodwin@global-wms.net', 'active', 4);
INSERT INTO employees (employee_id, employee_number, employee_name, department, position, contact_phone, email, employment_status, warehouse_id) VALUES (40, 'EMP0040', 'Jessica Patel', 'warehouse_ops', 'Picker', '(655)722-8963', 'jessica.patel@logistics-hub.com', 'active', 5);
INSERT INTO employees (employee_id, employee_number, employee_name, department, position, contact_phone, email, employment_status, warehouse_id) VALUES (41, 'EMP0041', 'Nicholas Roberts', 'warehouse_ops', 'Material Handler', '(914)323-2596x60831', 'nicholas.roberts@global-wms.net', 'active', 1);
INSERT INTO employees (employee_id, employee_number, employee_name, department, position, contact_phone, email, employment_status, warehouse_id) VALUES (42, 'EMP0042', 'Zachary Marshall', 'order_processing', 'Customer Service Rep', '874.425.2412x2003', 'zachary.marshall@logistics-hub.com', 'active', 2);
INSERT INTO employees (employee_id, employee_number, employee_name, department, position, contact_phone, email, employment_status, warehouse_id) VALUES (43, 'EMP0043', 'Aaron Brown', 'warehouse_ops', 'Shift Supervisor', '(887)878-6337', 'aaron.brown@warehousing.co', 'active', 3);
INSERT INTO employees (employee_id, employee_number, employee_name, department, position, contact_phone, email, employment_status, warehouse_id) VALUES (44, 'EMP0044', 'Andrew Jones', 'order_processing', 'Scheduling Clerk', '841-899-5872', 'andrew.jones@logistics-hub.com', 'terminated', 4);
INSERT INTO employees (employee_id, employee_number, employee_name, department, position, contact_phone, email, employment_status, warehouse_id) VALUES (45, 'EMP0045', 'Christina Peters', 'warehouse_ops', 'Shift Supervisor', '+1-418-711-4150x81664', 'christina.peters@fast-supply.org', 'active', 5);
INSERT INTO employees (employee_id, employee_number, employee_name, department, position, contact_phone, email, employment_status, warehouse_id) VALUES (46, 'EMP0046', 'Kevin Hill', 'warehouse_ops', 'Inventory Specialist', '(452)348-5774x973', 'kevin.hill@logistics-hub.com', 'active', 1);
INSERT INTO employees (employee_id, employee_number, employee_name, department, position, contact_phone, email, employment_status, warehouse_id) VALUES (47, 'EMP0047', 'Bethany Green', 'warehouse_ops', 'Dock Worker', '(598)978-1242', 'bethany.green@warehousing.co', 'active', 2);
INSERT INTO employees (employee_id, employee_number, employee_name, department, position, contact_phone, email, employment_status, warehouse_id) VALUES (48, 'EMP0048', 'Jessica Williams', 'warehouse_ops', 'Forklift Operator', '+1-804-642-9666x02750', 'jessica.williams@fast-supply.org', 'leave', 3);
INSERT INTO employees (employee_id, employee_number, employee_name, department, position, contact_phone, email, employment_status, warehouse_id) VALUES (49, 'EMP0049', 'Danielle Martinez', 'warehouse_ops', 'Inventory Specialist', '(627)593-8326', 'danielle.martinez@global-wms.net', 'active', 4);
INSERT INTO employees (employee_id, employee_number, employee_name, department, position, contact_phone, email, employment_status, warehouse_id) VALUES (50, 'EMP0050', 'Megan Walker', 'warehouse_ops', 'Picker', '+1-352-479-2354x6149', 'megan.walker@logistics-hub.com', 'active', 5);
INSERT INTO inbound_orders (inbound_id, product_id, inbound_type, warehouse_id, expected_quantity, actual_quantity, total_items, status, created_time, received_time, operator, notes) VALUES (1, 76, 'purchase', 3, 457, 457, 1, 'completed', '2025-11-29 15:40:32', '2025-12-01 04:45:46', 43, 'Batch 1');
INSERT INTO inbound_orders (inbound_id, product_id, inbound_type, warehouse_id, expected_quantity, actual_quantity, total_items, status, created_time, received_time, operator, notes) VALUES (2, 70, 'return', 3, 218, 218, 1, 'completed', '2025-11-21 05:56:52', '2025-11-22 07:02:45', 18, 'Batch 2');
INSERT INTO inbound_orders (inbound_id, product_id, inbound_type, warehouse_id, expected_quantity, actual_quantity, total_items, status, created_time, received_time, operator, notes) VALUES (3, 14, 'purchase', 2, 181, 0, 1, 'cancelled', '2025-11-28 01:58:34', NULL, 27, 'Batch 3');
INSERT INTO inbound_orders (inbound_id, product_id, inbound_type, warehouse_id, expected_quantity, actual_quantity, total_items, status, created_time, received_time, operator, notes) VALUES (4, 36, 'return', 3, 241, 241, 1, 'completed', '2025-11-29 08:58:55', '2025-11-29 15:42:44', 43, 'Batch 4');
INSERT INTO inbound_orders (inbound_id, product_id, inbound_type, warehouse_id, expected_quantity, actual_quantity, total_items, status, created_time, received_time, operator, notes) VALUES (5, 44, 'purchase', 5, 761, 0, 1, 'pending', '2025-11-19 17:32:57', NULL, 20, 'Batch 5');
INSERT INTO inbound_orders (inbound_id, product_id, inbound_type, warehouse_id, expected_quantity, actual_quantity, total_items, status, created_time, received_time, operator, notes) VALUES (6, 44, 'purchase', 2, 774, 0, 1, 'pending', '2025-11-25 22:44:31', NULL, 22, 'Batch 6');
INSERT INTO inbound_orders (inbound_id, product_id, inbound_type, warehouse_id, expected_quantity, actual_quantity, total_items, status, created_time, received_time, operator, notes) VALUES (7, 8, 'transfer', 3, 723, 0, 1, 'pending', '2025-11-29 07:29:58', NULL, 33, 'Batch 7');
INSERT INTO inbound_orders (inbound_id, product_id, inbound_type, warehouse_id, expected_quantity, actual_quantity, total_items, status, created_time, received_time, operator, notes) VALUES (8, 94, 'return', 4, 75, 75, 1, 'completed', '2025-11-29 10:14:21', '2025-11-30 21:03:24', 49, 'Batch 8');
INSERT INTO inbound_orders (inbound_id, product_id, inbound_type, warehouse_id, expected_quantity, actual_quantity, total_items, status, created_time, received_time, operator, notes) VALUES (9, 59, 'transfer', 5, 899, 899, 1, 'completed', '2025-11-26 09:09:04', '2025-11-29 02:03:12', 30, 'Batch 9');
INSERT INTO inbound_orders (inbound_id, product_id, inbound_type, warehouse_id, expected_quantity, actual_quantity, total_items, status, created_time, received_time, operator, notes) VALUES (10, 2, 'purchase', 3, 321, 0, 1, 'cancelled', '2025-11-23 23:14:09', NULL, 18, 'Batch 10');
INSERT INTO inbound_orders (inbound_id, product_id, inbound_type, warehouse_id, expected_quantity, actual_quantity, total_items, status, created_time, received_time, operator, notes) VALUES (11, 30, 'transfer', 1, 430, 430, 1, 'completed', '2025-11-19 20:04:47', '2025-11-22 04:51:21', 21, 'Batch 11');
INSERT INTO inbound_orders (inbound_id, product_id, inbound_type, warehouse_id, expected_quantity, actual_quantity, total_items, status, created_time, received_time, operator, notes) VALUES (12, 50, 'return', 4, 347, 347, 1, 'completed', '2025-11-21 06:28:22', '2025-11-24 05:31:10', 34, 'Batch 12');
INSERT INTO inbound_orders (inbound_id, product_id, inbound_type, warehouse_id, expected_quantity, actual_quantity, total_items, status, created_time, received_time, operator, notes) VALUES (13, 37, 'transfer', 4, 806, 806, 1, 'completed', '2025-11-29 18:55:34', '2025-12-01 00:39:28', 34, 'Batch 13');
INSERT INTO inbound_orders (inbound_id, product_id, inbound_type, warehouse_id, expected_quantity, actual_quantity, total_items, status, created_time, received_time, operator, notes) VALUES (14, 6, 'purchase', 5, 461, 461, 1, 'completed', '2025-11-20 04:51:52', '2025-11-20 07:42:40', 30, 'Batch 14');
INSERT INTO inbound_orders (inbound_id, product_id, inbound_type, warehouse_id, expected_quantity, actual_quantity, total_items, status, created_time, received_time, operator, notes) VALUES (15, 97, 'return', 2, 204, 0, 1, 'pending', '2025-11-26 15:41:09', NULL, 47, 'Batch 15');
INSERT INTO inbound_orders (inbound_id, product_id, inbound_type, warehouse_id, expected_quantity, actual_quantity, total_items, status, created_time, received_time, operator, notes) VALUES (16, 52, 'transfer', 5, 536, 536, 1, 'completed', '2025-11-17 08:43:29', '2025-11-20 08:24:03', 45, 'Batch 16');
INSERT INTO inbound_orders (inbound_id, product_id, inbound_type, warehouse_id, expected_quantity, actual_quantity, total_items, status, created_time, received_time, operator, notes) VALUES (17, 6, 'purchase', 1, 705, 705, 1, 'completed', '2025-11-18 01:12:31', '2025-11-20 12:07:16', 31, 'Batch 17');
INSERT INTO inbound_orders (inbound_id, product_id, inbound_type, warehouse_id, expected_quantity, actual_quantity, total_items, status, created_time, received_time, operator, notes) VALUES (18, 51, 'return', 2, 891, 891, 1, 'completed', '2025-11-16 23:05:15', '2025-11-19 07:48:25', 22, 'Batch 18');
INSERT INTO inbound_orders (inbound_id, product_id, inbound_type, warehouse_id, expected_quantity, actual_quantity, total_items, status, created_time, received_time, operator, notes) VALUES (19, 95, 'return', 1, 803, 803, 1, 'completed', '2025-11-29 19:41:24', '2025-12-01 11:36:21', 11, 'Batch 19');
INSERT INTO inbound_orders (inbound_id, product_id, inbound_type, warehouse_id, expected_quantity, actual_quantity, total_items, status, created_time, received_time, operator, notes) VALUES (20, 77, 'purchase', 5, 204, 204, 1, 'completed', '2025-11-24 07:11:47', '2025-11-25 06:51:46', 50, 'Batch 20');
INSERT INTO inbound_orders (inbound_id, product_id, inbound_type, warehouse_id, expected_quantity, actual_quantity, total_items, status, created_time, received_time, operator, notes) VALUES (21, 8, 'return', 2, 907, 0, 1, 'pending', '2025-11-24 22:58:21', NULL, 37, 'Batch 21');
INSERT INTO inbound_orders (inbound_id, product_id, inbound_type, warehouse_id, expected_quantity, actual_quantity, total_items, status, created_time, received_time, operator, notes) VALUES (22, 95, 'purchase', 2, 929, 0, 1, 'receiving', '2025-11-23 07:22:30', NULL, 17, 'Batch 22');
INSERT INTO inbound_orders (inbound_id, product_id, inbound_type, warehouse_id, expected_quantity, actual_quantity, total_items, status, created_time, received_time, operator, notes) VALUES (23, 100, 'purchase', 4, 421, 0, 1, 'pending', '2025-11-20 08:58:24', NULL, 29, 'Batch 23');
INSERT INTO inbound_orders (inbound_id, product_id, inbound_type, warehouse_id, expected_quantity, actual_quantity, total_items, status, created_time, received_time, operator, notes) VALUES (24, 51, 'purchase', 3, 306, 306, 1, 'completed', '2025-11-19 17:04:25', '2025-11-19 22:11:57', 23, 'Batch 24');
INSERT INTO inbound_orders (inbound_id, product_id, inbound_type, warehouse_id, expected_quantity, actual_quantity, total_items, status, created_time, received_time, operator, notes) VALUES (25, 66, 'return', 4, 625, 0, 1, 'pending', '2025-11-28 04:43:53', NULL, 49, 'Batch 25');
INSERT INTO inbound_orders (inbound_id, product_id, inbound_type, warehouse_id, expected_quantity, actual_quantity, total_items, status, created_time, received_time, operator, notes) VALUES (26, 70, 'purchase', 2, 585, 585, 1, 'completed', '2025-11-22 10:00:26', '2025-11-24 18:01:55', 7, 'Batch 26');
INSERT INTO inbound_orders (inbound_id, product_id, inbound_type, warehouse_id, expected_quantity, actual_quantity, total_items, status, created_time, received_time, operator, notes) VALUES (27, 12, 'return', 4, 820, 820, 1, 'completed', '2025-11-30 11:24:51', '2025-12-02 21:03:45', 24, 'Batch 27');
INSERT INTO inbound_orders (inbound_id, product_id, inbound_type, warehouse_id, expected_quantity, actual_quantity, total_items, status, created_time, received_time, operator, notes) VALUES (28, 16, 'purchase', 4, 739, 739, 1, 'completed', '2025-11-21 04:02:59', '2025-11-23 10:52:52', 34, 'Batch 28');
INSERT INTO inbound_orders (inbound_id, product_id, inbound_type, warehouse_id, expected_quantity, actual_quantity, total_items, status, created_time, received_time, operator, notes) VALUES (29, 2, 'return', 2, 940, 940, 1, 'completed', '2025-11-28 06:45:49', '2025-11-28 15:17:58', 32, 'Batch 29');
INSERT INTO inbound_orders (inbound_id, product_id, inbound_type, warehouse_id, expected_quantity, actual_quantity, total_items, status, created_time, received_time, operator, notes) VALUES (30, 47, 'purchase', 1, 624, 0, 1, 'cancelled', '2025-11-24 05:26:14', NULL, 11, 'Batch 30');
INSERT INTO inbound_orders (inbound_id, product_id, inbound_type, warehouse_id, expected_quantity, actual_quantity, total_items, status, created_time, received_time, operator, notes) VALUES (31, 93, 'purchase', 1, 347, 347, 1, 'completed', '2025-11-18 19:40:58', '2025-11-20 14:31:41', 36, 'Batch 31');
INSERT INTO inbound_orders (inbound_id, product_id, inbound_type, warehouse_id, expected_quantity, actual_quantity, total_items, status, created_time, received_time, operator, notes) VALUES (32, 73, 'purchase', 2, 117, 117, 1, 'completed', '2025-11-25 02:52:22', '2025-11-26 07:53:56', 17, 'Batch 32');
INSERT INTO inbound_orders (inbound_id, product_id, inbound_type, warehouse_id, expected_quantity, actual_quantity, total_items, status, created_time, received_time, operator, notes) VALUES (33, 93, 'return', 4, 651, 651, 1, 'completed', '2025-11-18 11:52:51', '2025-11-20 16:12:42', 9, 'Batch 33');
INSERT INTO inbound_orders (inbound_id, product_id, inbound_type, warehouse_id, expected_quantity, actual_quantity, total_items, status, created_time, received_time, operator, notes) VALUES (34, 22, 'purchase', 3, 392, 0, 1, 'receiving', '2025-11-17 08:30:06', NULL, 38, 'Batch 34');
INSERT INTO inbound_orders (inbound_id, product_id, inbound_type, warehouse_id, expected_quantity, actual_quantity, total_items, status, created_time, received_time, operator, notes) VALUES (35, 64, 'transfer', 3, 738, 738, 1, 'completed', '2025-11-18 17:37:47', '2025-11-21 06:48:44', 8, 'Batch 35');
INSERT INTO inbound_orders (inbound_id, product_id, inbound_type, warehouse_id, expected_quantity, actual_quantity, total_items, status, created_time, received_time, operator, notes) VALUES (36, 30, 'transfer', 1, 811, 811, 1, 'completed', '2025-11-22 23:42:10', '2025-11-25 07:43:36', 46, 'Batch 36');
INSERT INTO inbound_orders (inbound_id, product_id, inbound_type, warehouse_id, expected_quantity, actual_quantity, total_items, status, created_time, received_time, operator, notes) VALUES (37, 89, 'return', 3, 964, 0, 1, 'pending', '2025-11-20 18:39:01', NULL, 43, 'Batch 37');
INSERT INTO inbound_orders (inbound_id, product_id, inbound_type, warehouse_id, expected_quantity, actual_quantity, total_items, status, created_time, received_time, operator, notes) VALUES (38, 25, 'return', 1, 842, 0, 1, 'cancelled', '2025-11-28 01:24:24', NULL, 6, 'Batch 38');
INSERT INTO inbound_orders (inbound_id, product_id, inbound_type, warehouse_id, expected_quantity, actual_quantity, total_items, status, created_time, received_time, operator, notes) VALUES (39, 78, 'purchase', 1, 945, 0, 1, 'pending', '2025-11-18 12:35:50', NULL, 21, 'Batch 39');
INSERT INTO inbound_orders (inbound_id, product_id, inbound_type, warehouse_id, expected_quantity, actual_quantity, total_items, status, created_time, received_time, operator, notes) VALUES (40, 1, 'purchase', 1, 179, 179, 1, 'completed', '2025-11-30 06:11:28', '2025-12-01 10:57:32', 6, 'Batch 40');
INSERT INTO inbound_orders (inbound_id, product_id, inbound_type, warehouse_id, expected_quantity, actual_quantity, total_items, status, created_time, received_time, operator, notes) VALUES (41, 43, 'transfer', 2, 534, 0, 1, 'cancelled', '2025-11-25 15:02:20', NULL, 37, 'Batch 41');
INSERT INTO inbound_orders (inbound_id, product_id, inbound_type, warehouse_id, expected_quantity, actual_quantity, total_items, status, created_time, received_time, operator, notes) VALUES (42, 100, 'transfer', 3, 671, 0, 1, 'pending', '2025-11-28 10:51:22', NULL, 8, 'Batch 42');
INSERT INTO inbound_orders (inbound_id, product_id, inbound_type, warehouse_id, expected_quantity, actual_quantity, total_items, status, created_time, received_time, operator, notes) VALUES (43, 5, 'transfer', 3, 126, 126, 1, 'completed', '2025-11-22 07:42:04', '2025-11-24 00:28:26', 48, 'Batch 43');
INSERT INTO inbound_orders (inbound_id, product_id, inbound_type, warehouse_id, expected_quantity, actual_quantity, total_items, status, created_time, received_time, operator, notes) VALUES (44, 28, 'transfer', 4, 388, 0, 1, 'cancelled', '2025-11-16 20:21:35', NULL, 9, 'Batch 44');
INSERT INTO inbound_orders (inbound_id, product_id, inbound_type, warehouse_id, expected_quantity, actual_quantity, total_items, status, created_time, received_time, operator, notes) VALUES (45, 81, 'purchase', 5, 405, 0, 1, 'cancelled', '2025-11-24 01:42:51', NULL, 20, 'Batch 45');
INSERT INTO inbound_orders (inbound_id, product_id, inbound_type, warehouse_id, expected_quantity, actual_quantity, total_items, status, created_time, received_time, operator, notes) VALUES (46, 21, 'return', 1, 634, 0, 1, 'pending', '2025-11-18 01:35:35', NULL, 26, 'Batch 46');
INSERT INTO inbound_orders (inbound_id, product_id, inbound_type, warehouse_id, expected_quantity, actual_quantity, total_items, status, created_time, received_time, operator, notes) VALUES (47, 80, 'return', 2, 402, 0, 1, 'pending', '2025-11-24 11:55:10', NULL, 17, 'Batch 47');
INSERT INTO inbound_orders (inbound_id, product_id, inbound_type, warehouse_id, expected_quantity, actual_quantity, total_items, status, created_time, received_time, operator, notes) VALUES (48, 4, 'purchase', 4, 96, 96, 1, 'completed', '2025-11-18 07:48:09', '2025-11-20 05:45:24', 29, 'Batch 48');
INSERT INTO inbound_orders (inbound_id, product_id, inbound_type, warehouse_id, expected_quantity, actual_quantity, total_items, status, created_time, received_time, operator, notes) VALUES (49, 56, 'purchase', 1, 465, 0, 1, 'receiving', '2025-11-17 14:20:37', NULL, 21, 'Batch 49');
INSERT INTO inbound_orders (inbound_id, product_id, inbound_type, warehouse_id, expected_quantity, actual_quantity, total_items, status, created_time, received_time, operator, notes) VALUES (50, 67, 'return', 3, 417, 417, 1, 'completed', '2025-11-28 05:29:45', '2025-11-30 21:11:14', 33, 'Batch 50');
INSERT INTO inbound_orders (inbound_id, product_id, inbound_type, warehouse_id, expected_quantity, actual_quantity, total_items, status, created_time, received_time, operator, notes) VALUES (51, 37, 'purchase', 4, 914, 0, 1, 'receiving', '2025-11-18 09:17:42', NULL, 24, 'Batch 51');
INSERT INTO inbound_orders (inbound_id, product_id, inbound_type, warehouse_id, expected_quantity, actual_quantity, total_items, status, created_time, received_time, operator, notes) VALUES (52, 64, 'purchase', 4, 391, 391, 1, 'completed', '2025-11-26 20:20:03', '2025-11-26 21:57:59', 24, 'Batch 52');
INSERT INTO inbound_orders (inbound_id, product_id, inbound_type, warehouse_id, expected_quantity, actual_quantity, total_items, status, created_time, received_time, operator, notes) VALUES (53, 26, 'purchase', 3, 918, 0, 1, 'receiving', '2025-11-18 03:09:59', NULL, 43, 'Batch 53');
INSERT INTO inbound_orders (inbound_id, product_id, inbound_type, warehouse_id, expected_quantity, actual_quantity, total_items, status, created_time, received_time, operator, notes) VALUES (54, 3, 'purchase', 3, 468, 468, 1, 'completed', '2025-11-21 23:16:32', '2025-11-23 16:55:39', 13, 'Batch 54');
INSERT INTO inbound_orders (inbound_id, product_id, inbound_type, warehouse_id, expected_quantity, actual_quantity, total_items, status, created_time, received_time, operator, notes) VALUES (55, 5, 'return', 3, 585, 585, 1, 'completed', '2025-11-17 23:54:55', '2025-11-19 23:05:08', 28, 'Batch 55');
INSERT INTO inbound_orders (inbound_id, product_id, inbound_type, warehouse_id, expected_quantity, actual_quantity, total_items, status, created_time, received_time, operator, notes) VALUES (56, 1, 'transfer', 1, 345, 345, 1, 'completed', '2025-11-22 10:29:36', '2025-11-24 12:04:13', 31, 'Batch 56');
INSERT INTO inbound_orders (inbound_id, product_id, inbound_type, warehouse_id, expected_quantity, actual_quantity, total_items, status, created_time, received_time, operator, notes) VALUES (57, 95, 'transfer', 1, 684, 684, 1, 'completed', '2025-11-18 19:29:06', '2025-11-19 00:30:24', 31, 'Batch 57');
INSERT INTO inbound_orders (inbound_id, product_id, inbound_type, warehouse_id, expected_quantity, actual_quantity, total_items, status, created_time, received_time, operator, notes) VALUES (58, 8, 'return', 4, 662, 0, 1, 'pending', '2025-11-27 19:47:51', NULL, 9, 'Batch 58');
INSERT INTO inbound_orders (inbound_id, product_id, inbound_type, warehouse_id, expected_quantity, actual_quantity, total_items, status, created_time, received_time, operator, notes) VALUES (59, 75, 'purchase', 3, 376, 0, 1, 'receiving', '2025-11-24 21:59:31', NULL, 3, 'Batch 59');
INSERT INTO inbound_orders (inbound_id, product_id, inbound_type, warehouse_id, expected_quantity, actual_quantity, total_items, status, created_time, received_time, operator, notes) VALUES (60, 7, 'return', 5, 476, 0, 1, 'pending', '2025-11-18 01:34:39', NULL, 10, 'Batch 60');
INSERT INTO inbound_orders (inbound_id, product_id, inbound_type, warehouse_id, expected_quantity, actual_quantity, total_items, status, created_time, received_time, operator, notes) VALUES (61, 90, 'purchase', 4, 910, 910, 1, 'completed', '2025-11-29 15:57:32', '2025-11-29 21:23:42', 24, 'Batch 61');
INSERT INTO inbound_orders (inbound_id, product_id, inbound_type, warehouse_id, expected_quantity, actual_quantity, total_items, status, created_time, received_time, operator, notes) VALUES (62, 44, 'transfer', 1, 723, 723, 1, 'completed', '2025-11-17 22:44:51', '2025-11-18 07:22:04', 6, 'Batch 62');
INSERT INTO inbound_orders (inbound_id, product_id, inbound_type, warehouse_id, expected_quantity, actual_quantity, total_items, status, created_time, received_time, operator, notes) VALUES (63, 69, 'return', 3, 396, 396, 1, 'completed', '2025-11-19 08:12:06', '2025-11-20 03:47:55', 18, 'Batch 63');
INSERT INTO inbound_orders (inbound_id, product_id, inbound_type, warehouse_id, expected_quantity, actual_quantity, total_items, status, created_time, received_time, operator, notes) VALUES (64, 79, 'transfer', 5, 152, 152, 1, 'completed', '2025-11-18 09:51:05', '2025-11-21 05:27:23', 15, 'Batch 64');
INSERT INTO inbound_orders (inbound_id, product_id, inbound_type, warehouse_id, expected_quantity, actual_quantity, total_items, status, created_time, received_time, operator, notes) VALUES (65, 64, 'purchase', 4, 959, 959, 1, 'completed', '2025-11-21 07:19:19', '2025-11-21 14:32:42', 44, 'Batch 65');
INSERT INTO inbound_orders (inbound_id, product_id, inbound_type, warehouse_id, expected_quantity, actual_quantity, total_items, status, created_time, received_time, operator, notes) VALUES (66, 72, 'purchase', 3, 135, 135, 1, 'completed', '2025-11-28 10:07:54', '2025-11-28 11:47:03', 18, 'Batch 66');
INSERT INTO inbound_orders (inbound_id, product_id, inbound_type, warehouse_id, expected_quantity, actual_quantity, total_items, status, created_time, received_time, operator, notes) VALUES (67, 36, 'purchase', 2, 965, 965, 1, 'completed', '2025-11-16 17:44:46', '2025-11-19 11:50:59', 7, 'Batch 67');
INSERT INTO inbound_orders (inbound_id, product_id, inbound_type, warehouse_id, expected_quantity, actual_quantity, total_items, status, created_time, received_time, operator, notes) VALUES (68, 11, 'return', 2, 216, 216, 1, 'completed', '2025-11-26 15:03:31', '2025-11-28 19:03:30', 42, 'Batch 68');
INSERT INTO inbound_orders (inbound_id, product_id, inbound_type, warehouse_id, expected_quantity, actual_quantity, total_items, status, created_time, received_time, operator, notes) VALUES (69, 90, 'purchase', 2, 184, 184, 1, 'completed', '2025-11-22 19:25:21', '2025-11-23 15:03:32', 7, 'Batch 69');
INSERT INTO inbound_orders (inbound_id, product_id, inbound_type, warehouse_id, expected_quantity, actual_quantity, total_items, status, created_time, received_time, operator, notes) VALUES (70, 49, 'purchase', 1, 186, 186, 1, 'completed', '2025-11-25 20:24:30', '2025-11-26 12:20:15', 1, 'Batch 70');
INSERT INTO inbound_orders (inbound_id, product_id, inbound_type, warehouse_id, expected_quantity, actual_quantity, total_items, status, created_time, received_time, operator, notes) VALUES (71, 98, 'return', 3, 226, 226, 1, 'completed', '2025-11-29 12:40:42', '2025-12-01 19:03:15', 38, 'Batch 71');
INSERT INTO inbound_orders (inbound_id, product_id, inbound_type, warehouse_id, expected_quantity, actual_quantity, total_items, status, created_time, received_time, operator, notes) VALUES (72, 95, 'return', 4, 452, 0, 1, 'cancelled', '2025-11-18 00:20:04', NULL, 9, 'Batch 72');
INSERT INTO inbound_orders (inbound_id, product_id, inbound_type, warehouse_id, expected_quantity, actual_quantity, total_items, status, created_time, received_time, operator, notes) VALUES (73, 58, 'return', 1, 907, 907, 1, 'completed', '2025-11-25 16:23:43', '2025-11-27 08:04:59', 21, 'Batch 73');
INSERT INTO inbound_orders (inbound_id, product_id, inbound_type, warehouse_id, expected_quantity, actual_quantity, total_items, status, created_time, received_time, operator, notes) VALUES (74, 69, 'purchase', 1, 139, 0, 1, 'pending', '2025-11-27 05:23:28', NULL, 41, 'Batch 74');
INSERT INTO inbound_orders (inbound_id, product_id, inbound_type, warehouse_id, expected_quantity, actual_quantity, total_items, status, created_time, received_time, operator, notes) VALUES (75, 61, 'purchase', 2, 230, 230, 1, 'completed', '2025-11-28 06:09:04', '2025-11-29 14:35:15', 17, 'Batch 75');
INSERT INTO inbound_orders (inbound_id, product_id, inbound_type, warehouse_id, expected_quantity, actual_quantity, total_items, status, created_time, received_time, operator, notes) VALUES (76, 9, 'transfer', 1, 338, 0, 1, 'cancelled', '2025-11-20 03:30:07', NULL, 31, 'Batch 76');
INSERT INTO inbound_orders (inbound_id, product_id, inbound_type, warehouse_id, expected_quantity, actual_quantity, total_items, status, created_time, received_time, operator, notes) VALUES (77, 58, 'transfer', 4, 466, 466, 1, 'completed', '2025-11-21 05:25:24', '2025-11-23 22:53:59', 49, 'Batch 77');
INSERT INTO inbound_orders (inbound_id, product_id, inbound_type, warehouse_id, expected_quantity, actual_quantity, total_items, status, created_time, received_time, operator, notes) VALUES (78, 9, 'purchase', 5, 754, 754, 1, 'completed', '2025-11-22 17:16:15', '2025-11-23 23:43:40', 50, 'Batch 78');
INSERT INTO inbound_orders (inbound_id, product_id, inbound_type, warehouse_id, expected_quantity, actual_quantity, total_items, status, created_time, received_time, operator, notes) VALUES (79, 3, 'return', 1, 672, 672, 1, 'completed', '2025-11-19 14:03:06', '2025-11-19 21:00:05', 26, 'Batch 79');
INSERT INTO inbound_orders (inbound_id, product_id, inbound_type, warehouse_id, expected_quantity, actual_quantity, total_items, status, created_time, received_time, operator, notes) VALUES (80, 72, 'return', 5, 930, 930, 1, 'completed', '2025-11-26 11:11:29', '2025-11-29 06:19:08', 45, 'Batch 80');
INSERT INTO inbound_orders (inbound_id, product_id, inbound_type, warehouse_id, expected_quantity, actual_quantity, total_items, status, created_time, received_time, operator, notes) VALUES (81, 5, 'purchase', 2, 703, 703, 1, 'completed', '2025-11-28 04:18:15', '2025-11-29 00:09:55', 27, 'Batch 81');
INSERT INTO inbound_orders (inbound_id, product_id, inbound_type, warehouse_id, expected_quantity, actual_quantity, total_items, status, created_time, received_time, operator, notes) VALUES (82, 7, 'transfer', 5, 363, 0, 1, 'pending', '2025-11-24 18:03:11', NULL, 35, 'Batch 82');
INSERT INTO inbound_orders (inbound_id, product_id, inbound_type, warehouse_id, expected_quantity, actual_quantity, total_items, status, created_time, received_time, operator, notes) VALUES (83, 86, 'transfer', 2, 889, 0, 1, 'pending', '2025-11-26 06:29:07', NULL, 37, 'Batch 83');
INSERT INTO inbound_orders (inbound_id, product_id, inbound_type, warehouse_id, expected_quantity, actual_quantity, total_items, status, created_time, received_time, operator, notes) VALUES (84, 61, 'purchase', 1, 723, 0, 1, 'cancelled', '2025-11-25 21:46:26', NULL, 41, 'Batch 84');
INSERT INTO inbound_orders (inbound_id, product_id, inbound_type, warehouse_id, expected_quantity, actual_quantity, total_items, status, created_time, received_time, operator, notes) VALUES (85, 30, 'purchase', 1, 518, 0, 1, 'receiving', '2025-11-29 20:18:04', NULL, 16, 'Batch 85');
INSERT INTO inbound_orders (inbound_id, product_id, inbound_type, warehouse_id, expected_quantity, actual_quantity, total_items, status, created_time, received_time, operator, notes) VALUES (86, 76, 'transfer', 1, 782, 782, 1, 'completed', '2025-11-24 18:30:50', '2025-11-27 12:12:22', 16, 'Batch 86');
INSERT INTO inbound_orders (inbound_id, product_id, inbound_type, warehouse_id, expected_quantity, actual_quantity, total_items, status, created_time, received_time, operator, notes) VALUES (87, 97, 'return', 1, 317, 0, 1, 'pending', '2025-11-18 11:35:32', NULL, 16, 'Batch 87');
INSERT INTO inbound_orders (inbound_id, product_id, inbound_type, warehouse_id, expected_quantity, actual_quantity, total_items, status, created_time, received_time, operator, notes) VALUES (88, 15, 'return', 1, 188, 0, 1, 'pending', '2025-11-20 22:25:35', NULL, 1, 'Batch 88');
INSERT INTO inbound_orders (inbound_id, product_id, inbound_type, warehouse_id, expected_quantity, actual_quantity, total_items, status, created_time, received_time, operator, notes) VALUES (89, 2, 'purchase', 1, 378, 0, 1, 'receiving', '2025-11-21 10:38:47', NULL, 31, 'Batch 89');
INSERT INTO inbound_orders (inbound_id, product_id, inbound_type, warehouse_id, expected_quantity, actual_quantity, total_items, status, created_time, received_time, operator, notes) VALUES (90, 23, 'transfer', 1, 944, 944, 1, 'completed', '2025-11-21 14:30:02', '2025-11-24 03:04:27', 36, 'Batch 90');
INSERT INTO inbound_orders (inbound_id, product_id, inbound_type, warehouse_id, expected_quantity, actual_quantity, total_items, status, created_time, received_time, operator, notes) VALUES (91, 21, 'return', 4, 758, 0, 1, 'pending', '2025-11-17 14:05:21', NULL, 19, 'Batch 91');
INSERT INTO inbound_orders (inbound_id, product_id, inbound_type, warehouse_id, expected_quantity, actual_quantity, total_items, status, created_time, received_time, operator, notes) VALUES (92, 30, 'purchase', 1, 346, 346, 1, 'completed', '2025-11-23 11:39:03', '2025-11-24 17:06:35', 41, 'Batch 92');
INSERT INTO inbound_orders (inbound_id, product_id, inbound_type, warehouse_id, expected_quantity, actual_quantity, total_items, status, created_time, received_time, operator, notes) VALUES (93, 5, 'return', 4, 152, 152, 1, 'completed', '2025-11-21 21:38:40', '2025-11-24 09:07:22', 4, 'Batch 93');
INSERT INTO inbound_orders (inbound_id, product_id, inbound_type, warehouse_id, expected_quantity, actual_quantity, total_items, status, created_time, received_time, operator, notes) VALUES (94, 38, 'purchase', 2, 108, 0, 1, 'pending', '2025-11-30 16:12:32', NULL, 37, 'Batch 94');
INSERT INTO inbound_orders (inbound_id, product_id, inbound_type, warehouse_id, expected_quantity, actual_quantity, total_items, status, created_time, received_time, operator, notes) VALUES (95, 31, 'return', 3, 462, 462, 1, 'completed', '2025-11-24 20:26:39', '2025-11-26 15:22:48', 18, 'Batch 95');
INSERT INTO inbound_orders (inbound_id, product_id, inbound_type, warehouse_id, expected_quantity, actual_quantity, total_items, status, created_time, received_time, operator, notes) VALUES (96, 53, 'purchase', 5, 807, 0, 1, 'cancelled', '2025-11-30 01:42:15', NULL, 15, 'Batch 96');
INSERT INTO inbound_orders (inbound_id, product_id, inbound_type, warehouse_id, expected_quantity, actual_quantity, total_items, status, created_time, received_time, operator, notes) VALUES (97, 40, 'return', 3, 619, 619, 1, 'completed', '2025-11-29 12:43:35', '2025-11-30 06:14:34', 18, 'Batch 97');
INSERT INTO inbound_orders (inbound_id, product_id, inbound_type, warehouse_id, expected_quantity, actual_quantity, total_items, status, created_time, received_time, operator, notes) VALUES (98, 6, 'return', 3, 554, 554, 1, 'completed', '2025-11-18 08:26:07', '2025-11-21 01:31:32', 43, 'Batch 98');
INSERT INTO inbound_orders (inbound_id, product_id, inbound_type, warehouse_id, expected_quantity, actual_quantity, total_items, status, created_time, received_time, operator, notes) VALUES (99, 31, 'return', 5, 462, 462, 1, 'completed', '2025-11-17 00:49:16', '2025-11-19 02:58:52', 50, 'Batch 99');
INSERT INTO inbound_orders (inbound_id, product_id, inbound_type, warehouse_id, expected_quantity, actual_quantity, total_items, status, created_time, received_time, operator, notes) VALUES (100, 67, 'return', 4, 102, 102, 1, 'completed', '2025-11-20 17:33:31', '2025-11-21 10:03:35', 9, 'Batch 100');
INSERT INTO inbound_orders (inbound_id, product_id, inbound_type, warehouse_id, expected_quantity, actual_quantity, total_items, status, created_time, received_time, operator, notes) VALUES (101, 100, 'return', 3, 876, 876, 1, 'completed', '2025-11-27 18:26:40', '2025-11-28 15:07:05', 28, 'Batch 101');
INSERT INTO inbound_orders (inbound_id, product_id, inbound_type, warehouse_id, expected_quantity, actual_quantity, total_items, status, created_time, received_time, operator, notes) VALUES (102, 16, 'return', 5, 336, 336, 1, 'completed', '2025-11-21 13:43:51', '2025-11-21 18:56:53', 50, 'Batch 102');
INSERT INTO inbound_orders (inbound_id, product_id, inbound_type, warehouse_id, expected_quantity, actual_quantity, total_items, status, created_time, received_time, operator, notes) VALUES (103, 97, 'purchase', 4, 75, 75, 1, 'completed', '2025-11-18 06:30:19', '2025-11-19 14:53:56', 49, 'Batch 103');
INSERT INTO inbound_orders (inbound_id, product_id, inbound_type, warehouse_id, expected_quantity, actual_quantity, total_items, status, created_time, received_time, operator, notes) VALUES (104, 94, 'return', 5, 790, 790, 1, 'completed', '2025-11-19 00:15:10', '2025-11-20 19:34:02', 35, 'Batch 104');
INSERT INTO inbound_orders (inbound_id, product_id, inbound_type, warehouse_id, expected_quantity, actual_quantity, total_items, status, created_time, received_time, operator, notes) VALUES (105, 2, 'purchase', 2, 666, 666, 1, 'completed', '2025-11-29 06:38:17', '2025-12-01 10:56:39', 42, 'Batch 105');
INSERT INTO inbound_orders (inbound_id, product_id, inbound_type, warehouse_id, expected_quantity, actual_quantity, total_items, status, created_time, received_time, operator, notes) VALUES (106, 2, 'return', 1, 979, 979, 1, 'completed', '2025-11-20 19:50:07', '2025-11-21 05:54:29', 6, 'Batch 106');
INSERT INTO inbound_orders (inbound_id, product_id, inbound_type, warehouse_id, expected_quantity, actual_quantity, total_items, status, created_time, received_time, operator, notes) VALUES (107, 95, 'return', 4, 724, 0, 1, 'receiving', '2025-11-28 22:27:07', NULL, 4, 'Batch 107');
INSERT INTO inbound_orders (inbound_id, product_id, inbound_type, warehouse_id, expected_quantity, actual_quantity, total_items, status, created_time, received_time, operator, notes) VALUES (108, 95, 'purchase', 5, 377, 377, 1, 'completed', '2025-11-26 07:42:59', '2025-11-29 00:53:02', 35, 'Batch 108');
INSERT INTO inbound_orders (inbound_id, product_id, inbound_type, warehouse_id, expected_quantity, actual_quantity, total_items, status, created_time, received_time, operator, notes) VALUES (109, 78, 'transfer', 3, 923, 0, 1, 'pending', '2025-11-19 18:08:20', NULL, 8, 'Batch 109');
INSERT INTO inbound_orders (inbound_id, product_id, inbound_type, warehouse_id, expected_quantity, actual_quantity, total_items, status, created_time, received_time, operator, notes) VALUES (110, 77, 'transfer', 4, 867, 867, 1, 'completed', '2025-11-27 08:17:21', '2025-11-29 14:06:52', 49, 'Batch 110');
INSERT INTO inbound_orders (inbound_id, product_id, inbound_type, warehouse_id, expected_quantity, actual_quantity, total_items, status, created_time, received_time, operator, notes) VALUES (111, 85, 'return', 1, 299, 299, 1, 'completed', '2025-11-17 01:25:31', '2025-11-18 07:18:41', 11, 'Batch 111');
INSERT INTO inbound_orders (inbound_id, product_id, inbound_type, warehouse_id, expected_quantity, actual_quantity, total_items, status, created_time, received_time, operator, notes) VALUES (112, 49, 'purchase', 4, 903, 0, 1, 'pending', '2025-11-28 00:53:36', NULL, 19, 'Batch 112');
INSERT INTO inbound_orders (inbound_id, product_id, inbound_type, warehouse_id, expected_quantity, actual_quantity, total_items, status, created_time, received_time, operator, notes) VALUES (113, 29, 'return', 3, 887, 887, 1, 'completed', '2025-11-30 00:11:06', '2025-12-01 17:33:21', 43, 'Batch 113');
INSERT INTO inbound_orders (inbound_id, product_id, inbound_type, warehouse_id, expected_quantity, actual_quantity, total_items, status, created_time, received_time, operator, notes) VALUES (114, 28, 'return', 4, 325, 325, 1, 'completed', '2025-11-21 19:09:42', '2025-11-23 00:32:56', 19, 'Batch 114');
INSERT INTO inbound_orders (inbound_id, product_id, inbound_type, warehouse_id, expected_quantity, actual_quantity, total_items, status, created_time, received_time, operator, notes) VALUES (115, 36, 'return', 2, 449, 0, 1, 'cancelled', '2025-11-25 15:35:29', NULL, 7, 'Batch 115');
INSERT INTO inbound_orders (inbound_id, product_id, inbound_type, warehouse_id, expected_quantity, actual_quantity, total_items, status, created_time, received_time, operator, notes) VALUES (116, 83, 'purchase', 3, 642, 0, 1, 'pending', '2025-11-21 06:55:57', NULL, 48, 'Batch 116');
INSERT INTO inbound_orders (inbound_id, product_id, inbound_type, warehouse_id, expected_quantity, actual_quantity, total_items, status, created_time, received_time, operator, notes) VALUES (117, 97, 'transfer', 4, 650, 0, 1, 'cancelled', '2025-11-24 17:29:38', NULL, 39, 'Batch 117');
INSERT INTO inbound_orders (inbound_id, product_id, inbound_type, warehouse_id, expected_quantity, actual_quantity, total_items, status, created_time, received_time, operator, notes) VALUES (118, 62, 'transfer', 5, 849, 849, 1, 'completed', '2025-11-27 18:45:46', '2025-11-29 14:48:21', 5, 'Batch 118');
INSERT INTO inbound_orders (inbound_id, product_id, inbound_type, warehouse_id, expected_quantity, actual_quantity, total_items, status, created_time, received_time, operator, notes) VALUES (119, 69, 'return', 2, 808, 0, 1, 'pending', '2025-11-17 09:36:50', NULL, 12, 'Batch 119');
INSERT INTO inbound_orders (inbound_id, product_id, inbound_type, warehouse_id, expected_quantity, actual_quantity, total_items, status, created_time, received_time, operator, notes) VALUES (120, 61, 'return', 4, 240, 0, 1, 'cancelled', '2025-11-29 06:21:49', NULL, 24, 'Batch 120');
INSERT INTO inbound_orders (inbound_id, product_id, inbound_type, warehouse_id, expected_quantity, actual_quantity, total_items, status, created_time, received_time, operator, notes) VALUES (121, 62, 'return', 4, 839, 0, 1, 'pending', '2025-11-19 01:17:05', NULL, 4, 'Batch 121');
INSERT INTO inbound_orders (inbound_id, product_id, inbound_type, warehouse_id, expected_quantity, actual_quantity, total_items, status, created_time, received_time, operator, notes) VALUES (122, 94, 'return', 1, 527, 0, 1, 'pending', '2025-11-19 10:57:13', NULL, 21, 'Batch 122');
INSERT INTO inbound_orders (inbound_id, product_id, inbound_type, warehouse_id, expected_quantity, actual_quantity, total_items, status, created_time, received_time, operator, notes) VALUES (123, 26, 'purchase', 4, 202, 202, 1, 'completed', '2025-11-26 09:43:31', '2025-11-27 09:27:03', 14, 'Batch 123');
INSERT INTO inbound_orders (inbound_id, product_id, inbound_type, warehouse_id, expected_quantity, actual_quantity, total_items, status, created_time, received_time, operator, notes) VALUES (124, 88, 'return', 2, 380, 380, 1, 'completed', '2025-11-21 09:58:04', '2025-11-22 20:50:10', 47, 'Batch 124');
INSERT INTO inbound_orders (inbound_id, product_id, inbound_type, warehouse_id, expected_quantity, actual_quantity, total_items, status, created_time, received_time, operator, notes) VALUES (125, 20, 'purchase', 3, 879, 879, 1, 'completed', '2025-11-30 05:15:24', '2025-12-02 21:36:53', 23, 'Batch 125');
INSERT INTO inbound_orders (inbound_id, product_id, inbound_type, warehouse_id, expected_quantity, actual_quantity, total_items, status, created_time, received_time, operator, notes) VALUES (126, 68, 'return', 5, 786, 0, 1, 'pending', '2025-11-30 05:20:58', NULL, 40, 'Batch 126');
INSERT INTO inbound_orders (inbound_id, product_id, inbound_type, warehouse_id, expected_quantity, actual_quantity, total_items, status, created_time, received_time, operator, notes) VALUES (127, 82, 'purchase', 2, 291, 291, 1, 'completed', '2025-11-17 16:33:35', '2025-11-19 20:03:33', 32, 'Batch 127');
INSERT INTO inbound_orders (inbound_id, product_id, inbound_type, warehouse_id, expected_quantity, actual_quantity, total_items, status, created_time, received_time, operator, notes) VALUES (128, 70, 'return', 2, 424, 424, 1, 'completed', '2025-11-19 18:37:14', '2025-11-21 08:06:07', 7, 'Batch 128');
INSERT INTO inbound_orders (inbound_id, product_id, inbound_type, warehouse_id, expected_quantity, actual_quantity, total_items, status, created_time, received_time, operator, notes) VALUES (129, 32, 'purchase', 3, 770, 0, 1, 'receiving', '2025-11-24 05:20:18', NULL, 43, 'Batch 129');
INSERT INTO inbound_orders (inbound_id, product_id, inbound_type, warehouse_id, expected_quantity, actual_quantity, total_items, status, created_time, received_time, operator, notes) VALUES (130, 54, 'return', 3, 329, 329, 1, 'completed', '2025-11-30 00:44:16', '2025-12-01 11:56:43', 43, 'Batch 130');
INSERT INTO inbound_orders (inbound_id, product_id, inbound_type, warehouse_id, expected_quantity, actual_quantity, total_items, status, created_time, received_time, operator, notes) VALUES (131, 27, 'return', 1, 728, 0, 1, 'pending', '2025-11-21 13:37:27', NULL, 41, 'Batch 131');
INSERT INTO inbound_orders (inbound_id, product_id, inbound_type, warehouse_id, expected_quantity, actual_quantity, total_items, status, created_time, received_time, operator, notes) VALUES (132, 88, 'transfer', 3, 903, 903, 1, 'completed', '2025-11-23 18:50:07', '2025-11-24 09:14:56', 13, 'Batch 132');
INSERT INTO inbound_orders (inbound_id, product_id, inbound_type, warehouse_id, expected_quantity, actual_quantity, total_items, status, created_time, received_time, operator, notes) VALUES (133, 42, 'transfer', 5, 272, 0, 1, 'receiving', '2025-11-23 01:24:55', NULL, 35, 'Batch 133');
INSERT INTO inbound_orders (inbound_id, product_id, inbound_type, warehouse_id, expected_quantity, actual_quantity, total_items, status, created_time, received_time, operator, notes) VALUES (134, 57, 'purchase', 5, 378, 0, 1, 'cancelled', '2025-11-21 13:50:56', NULL, 30, 'Batch 134');
INSERT INTO inbound_orders (inbound_id, product_id, inbound_type, warehouse_id, expected_quantity, actual_quantity, total_items, status, created_time, received_time, operator, notes) VALUES (135, 13, 'purchase', 5, 936, 0, 1, 'pending', '2025-11-27 06:54:22', NULL, 40, 'Batch 135');
INSERT INTO inbound_orders (inbound_id, product_id, inbound_type, warehouse_id, expected_quantity, actual_quantity, total_items, status, created_time, received_time, operator, notes) VALUES (136, 59, 'purchase', 2, 730, 0, 1, 'cancelled', '2025-11-28 08:21:14', NULL, 17, 'Batch 136');
INSERT INTO inbound_orders (inbound_id, product_id, inbound_type, warehouse_id, expected_quantity, actual_quantity, total_items, status, created_time, received_time, operator, notes) VALUES (137, 68, 'return', 1, 167, 167, 1, 'completed', '2025-11-16 21:19:29', '2025-11-18 10:57:54', 6, 'Batch 137');
INSERT INTO inbound_orders (inbound_id, product_id, inbound_type, warehouse_id, expected_quantity, actual_quantity, total_items, status, created_time, received_time, operator, notes) VALUES (138, 56, 'purchase', 4, 450, 0, 1, 'cancelled', '2025-11-24 19:49:34', NULL, 29, 'Batch 138');
INSERT INTO inbound_orders (inbound_id, product_id, inbound_type, warehouse_id, expected_quantity, actual_quantity, total_items, status, created_time, received_time, operator, notes) VALUES (139, 62, 'return', 2, 316, 0, 1, 'receiving', '2025-11-30 01:36:22', NULL, 2, 'Batch 139');
INSERT INTO inbound_orders (inbound_id, product_id, inbound_type, warehouse_id, expected_quantity, actual_quantity, total_items, status, created_time, received_time, operator, notes) VALUES (140, 25, 'return', 4, 911, 0, 1, 'pending', '2025-11-21 05:00:24', NULL, 34, 'Batch 140');
INSERT INTO inbound_orders (inbound_id, product_id, inbound_type, warehouse_id, expected_quantity, actual_quantity, total_items, status, created_time, received_time, operator, notes) VALUES (141, 29, 'purchase', 2, 607, 607, 1, 'completed', '2025-11-17 23:58:22', '2025-11-18 12:52:31', 17, 'Batch 141');
INSERT INTO inbound_orders (inbound_id, product_id, inbound_type, warehouse_id, expected_quantity, actual_quantity, total_items, status, created_time, received_time, operator, notes) VALUES (142, 53, 'purchase', 5, 935, 935, 1, 'completed', '2025-11-24 05:06:11', '2025-11-26 14:11:50', 20, 'Batch 142');
INSERT INTO inbound_orders (inbound_id, product_id, inbound_type, warehouse_id, expected_quantity, actual_quantity, total_items, status, created_time, received_time, operator, notes) VALUES (143, 6, 'return', 4, 187, 0, 1, 'pending', '2025-11-25 15:34:33', NULL, 14, 'Batch 143');
INSERT INTO inbound_orders (inbound_id, product_id, inbound_type, warehouse_id, expected_quantity, actual_quantity, total_items, status, created_time, received_time, operator, notes) VALUES (144, 9, 'purchase', 5, 813, 813, 1, 'completed', '2025-11-26 08:09:05', '2025-11-26 14:48:25', 25, 'Batch 144');
INSERT INTO inbound_orders (inbound_id, product_id, inbound_type, warehouse_id, expected_quantity, actual_quantity, total_items, status, created_time, received_time, operator, notes) VALUES (145, 67, 'return', 1, 153, 0, 1, 'pending', '2025-11-20 15:02:49', NULL, 11, 'Batch 145');
INSERT INTO inbound_orders (inbound_id, product_id, inbound_type, warehouse_id, expected_quantity, actual_quantity, total_items, status, created_time, received_time, operator, notes) VALUES (146, 78, 'return', 2, 907, 907, 1, 'completed', '2025-11-17 23:43:44', '2025-11-20 20:57:58', 37, 'Batch 146');
INSERT INTO inbound_orders (inbound_id, product_id, inbound_type, warehouse_id, expected_quantity, actual_quantity, total_items, status, created_time, received_time, operator, notes) VALUES (147, 73, 'return', 2, 169, 169, 1, 'completed', '2025-11-20 22:46:03', '2025-11-22 20:52:28', 42, 'Batch 147');
INSERT INTO inbound_orders (inbound_id, product_id, inbound_type, warehouse_id, expected_quantity, actual_quantity, total_items, status, created_time, received_time, operator, notes) VALUES (148, 94, 'return', 5, 811, 0, 1, 'pending', '2025-11-17 13:12:04', NULL, 45, 'Batch 148');
INSERT INTO inbound_orders (inbound_id, product_id, inbound_type, warehouse_id, expected_quantity, actual_quantity, total_items, status, created_time, received_time, operator, notes) VALUES (149, 66, 'return', 1, 628, 0, 1, 'pending', '2025-11-25 13:29:17', NULL, 26, 'Batch 149');
INSERT INTO inbound_orders (inbound_id, product_id, inbound_type, warehouse_id, expected_quantity, actual_quantity, total_items, status, created_time, received_time, operator, notes) VALUES (150, 78, 'transfer', 1, 758, 758, 1, 'completed', '2025-11-18 21:11:01', '2025-11-20 00:33:38', 31, 'Batch 150');
INSERT INTO inbound_orders (inbound_id, product_id, inbound_type, warehouse_id, expected_quantity, actual_quantity, total_items, status, created_time, received_time, operator, notes) VALUES (151, 89, 'transfer', 4, 916, 0, 1, 'pending', '2025-11-17 20:28:12', NULL, 4, 'Batch 151');
INSERT INTO inbound_orders (inbound_id, product_id, inbound_type, warehouse_id, expected_quantity, actual_quantity, total_items, status, created_time, received_time, operator, notes) VALUES (152, 27, 'purchase', 3, 417, 417, 1, 'completed', '2025-11-28 03:08:17', '2025-11-29 14:51:57', 18, 'Batch 152');
INSERT INTO inbound_orders (inbound_id, product_id, inbound_type, warehouse_id, expected_quantity, actual_quantity, total_items, status, created_time, received_time, operator, notes) VALUES (153, 96, 'return', 2, 459, 459, 1, 'completed', '2025-11-28 20:27:58', '2025-11-30 23:15:59', 47, 'Batch 153');
INSERT INTO inbound_orders (inbound_id, product_id, inbound_type, warehouse_id, expected_quantity, actual_quantity, total_items, status, created_time, received_time, operator, notes) VALUES (154, 9, 'purchase', 2, 812, 812, 1, 'completed', '2025-11-20 00:28:40', '2025-11-21 07:28:01', 42, 'Batch 154');
INSERT INTO inbound_orders (inbound_id, product_id, inbound_type, warehouse_id, expected_quantity, actual_quantity, total_items, status, created_time, received_time, operator, notes) VALUES (155, 88, 'return', 1, 88, 88, 1, 'completed', '2025-11-19 22:19:15', '2025-11-22 17:59:50', 16, 'Batch 155');
INSERT INTO inbound_orders (inbound_id, product_id, inbound_type, warehouse_id, expected_quantity, actual_quantity, total_items, status, created_time, received_time, operator, notes) VALUES (156, 11, 'return', 1, 290, 0, 1, 'pending', '2025-11-26 11:32:23', NULL, 16, 'Batch 156');
INSERT INTO inbound_orders (inbound_id, product_id, inbound_type, warehouse_id, expected_quantity, actual_quantity, total_items, status, created_time, received_time, operator, notes) VALUES (157, 21, 'purchase', 1, 566, 0, 1, 'receiving', '2025-11-30 05:24:48', NULL, 1, 'Batch 157');
INSERT INTO inbound_orders (inbound_id, product_id, inbound_type, warehouse_id, expected_quantity, actual_quantity, total_items, status, created_time, received_time, operator, notes) VALUES (158, 61, 'purchase', 3, 840, 840, 1, 'completed', '2025-11-19 09:32:46', '2025-11-19 22:56:23', 38, 'Batch 158');
INSERT INTO inbound_orders (inbound_id, product_id, inbound_type, warehouse_id, expected_quantity, actual_quantity, total_items, status, created_time, received_time, operator, notes) VALUES (159, 13, 'return', 2, 152, 0, 1, 'receiving', '2025-11-18 04:24:16', NULL, 32, 'Batch 159');
INSERT INTO inbound_orders (inbound_id, product_id, inbound_type, warehouse_id, expected_quantity, actual_quantity, total_items, status, created_time, received_time, operator, notes) VALUES (160, 78, 'purchase', 5, 428, 0, 1, 'pending', '2025-11-17 06:35:29', NULL, 15, 'Batch 160');
INSERT INTO inbound_orders (inbound_id, product_id, inbound_type, warehouse_id, expected_quantity, actual_quantity, total_items, status, created_time, received_time, operator, notes) VALUES (161, 84, 'purchase', 2, 82, 82, 1, 'completed', '2025-11-19 05:02:12', '2025-11-22 00:37:18', 37, 'Batch 161');
INSERT INTO inbound_orders (inbound_id, product_id, inbound_type, warehouse_id, expected_quantity, actual_quantity, total_items, status, created_time, received_time, operator, notes) VALUES (162, 49, 'transfer', 5, 211, 0, 1, 'cancelled', '2025-11-28 09:35:18', NULL, 10, 'Batch 162');
INSERT INTO inbound_orders (inbound_id, product_id, inbound_type, warehouse_id, expected_quantity, actual_quantity, total_items, status, created_time, received_time, operator, notes) VALUES (163, 91, 'return', 2, 195, 0, 1, 'receiving', '2025-11-20 15:38:06', NULL, 7, 'Batch 163');
INSERT INTO inbound_orders (inbound_id, product_id, inbound_type, warehouse_id, expected_quantity, actual_quantity, total_items, status, created_time, received_time, operator, notes) VALUES (164, 64, 'purchase', 2, 106, 0, 1, 'receiving', '2025-11-29 23:28:03', NULL, 37, 'Batch 164');
INSERT INTO inbound_orders (inbound_id, product_id, inbound_type, warehouse_id, expected_quantity, actual_quantity, total_items, status, created_time, received_time, operator, notes) VALUES (165, 55, 'return', 5, 685, 0, 1, 'pending', '2025-11-25 02:23:58', NULL, 5, 'Batch 165');
INSERT INTO inbound_orders (inbound_id, product_id, inbound_type, warehouse_id, expected_quantity, actual_quantity, total_items, status, created_time, received_time, operator, notes) VALUES (166, 4, 'purchase', 5, 694, 694, 1, 'completed', '2025-11-29 21:28:11', '2025-11-30 01:02:06', 5, 'Batch 166');
INSERT INTO inbound_orders (inbound_id, product_id, inbound_type, warehouse_id, expected_quantity, actual_quantity, total_items, status, created_time, received_time, operator, notes) VALUES (167, 94, 'return', 2, 240, 240, 1, 'completed', '2025-11-17 17:00:57', '2025-11-18 01:30:30', 17, 'Batch 167');
INSERT INTO inbound_orders (inbound_id, product_id, inbound_type, warehouse_id, expected_quantity, actual_quantity, total_items, status, created_time, received_time, operator, notes) VALUES (168, 73, 'purchase', 2, 450, 0, 1, 'cancelled', '2025-11-28 16:58:50', NULL, 22, 'Batch 168');
INSERT INTO inbound_orders (inbound_id, product_id, inbound_type, warehouse_id, expected_quantity, actual_quantity, total_items, status, created_time, received_time, operator, notes) VALUES (169, 74, 'return', 4, 460, 0, 1, 'pending', '2025-11-29 23:59:27', NULL, 19, 'Batch 169');
INSERT INTO inbound_orders (inbound_id, product_id, inbound_type, warehouse_id, expected_quantity, actual_quantity, total_items, status, created_time, received_time, operator, notes) VALUES (170, 40, 'purchase', 3, 827, 827, 1, 'completed', '2025-11-27 20:31:32', '2025-11-30 09:48:31', 23, 'Batch 170');
INSERT INTO inbound_orders (inbound_id, product_id, inbound_type, warehouse_id, expected_quantity, actual_quantity, total_items, status, created_time, received_time, operator, notes) VALUES (171, 19, 'purchase', 5, 655, 0, 1, 'cancelled', '2025-11-23 13:55:48', NULL, 5, 'Batch 171');
INSERT INTO inbound_orders (inbound_id, product_id, inbound_type, warehouse_id, expected_quantity, actual_quantity, total_items, status, created_time, received_time, operator, notes) VALUES (172, 98, 'purchase', 5, 616, 616, 1, 'completed', '2025-11-27 21:39:25', '2025-11-29 10:58:22', 20, 'Batch 172');
INSERT INTO inbound_orders (inbound_id, product_id, inbound_type, warehouse_id, expected_quantity, actual_quantity, total_items, status, created_time, received_time, operator, notes) VALUES (173, 2, 'transfer', 4, 297, 0, 1, 'cancelled', '2025-11-20 10:54:38', NULL, 19, 'Batch 173');
INSERT INTO inbound_orders (inbound_id, product_id, inbound_type, warehouse_id, expected_quantity, actual_quantity, total_items, status, created_time, received_time, operator, notes) VALUES (174, 62, 'purchase', 3, 186, 186, 1, 'completed', '2025-11-26 21:03:32', '2025-11-27 10:35:26', 23, 'Batch 174');
INSERT INTO inbound_orders (inbound_id, product_id, inbound_type, warehouse_id, expected_quantity, actual_quantity, total_items, status, created_time, received_time, operator, notes) VALUES (175, 34, 'purchase', 2, 406, 0, 1, 'cancelled', '2025-11-26 13:20:52', NULL, 47, 'Batch 175');
INSERT INTO inbound_orders (inbound_id, product_id, inbound_type, warehouse_id, expected_quantity, actual_quantity, total_items, status, created_time, received_time, operator, notes) VALUES (176, 34, 'purchase', 5, 679, 679, 1, 'completed', '2025-11-24 08:54:29', '2025-11-24 14:11:50', 25, 'Batch 176');
INSERT INTO inbound_orders (inbound_id, product_id, inbound_type, warehouse_id, expected_quantity, actual_quantity, total_items, status, created_time, received_time, operator, notes) VALUES (177, 20, 'purchase', 1, 356, 356, 1, 'completed', '2025-11-24 19:53:45', '2025-11-26 03:10:36', 16, 'Batch 177');
INSERT INTO inbound_orders (inbound_id, product_id, inbound_type, warehouse_id, expected_quantity, actual_quantity, total_items, status, created_time, received_time, operator, notes) VALUES (178, 30, 'purchase', 4, 907, 907, 1, 'completed', '2025-11-27 12:17:46', '2025-11-27 17:40:00', 19, 'Batch 178');
INSERT INTO inbound_orders (inbound_id, product_id, inbound_type, warehouse_id, expected_quantity, actual_quantity, total_items, status, created_time, received_time, operator, notes) VALUES (179, 82, 'transfer', 4, 999, 999, 1, 'completed', '2025-11-22 02:48:43', '2025-11-22 06:46:19', 19, 'Batch 179');
INSERT INTO inbound_orders (inbound_id, product_id, inbound_type, warehouse_id, expected_quantity, actual_quantity, total_items, status, created_time, received_time, operator, notes) VALUES (180, 6, 'transfer', 2, 733, 733, 1, 'completed', '2025-11-24 09:25:58', '2025-11-27 05:07:29', 7, 'Batch 180');
INSERT INTO inbound_orders (inbound_id, product_id, inbound_type, warehouse_id, expected_quantity, actual_quantity, total_items, status, created_time, received_time, operator, notes) VALUES (181, 41, 'purchase', 2, 291, 291, 1, 'completed', '2025-11-20 10:39:26', '2025-11-21 13:23:58', 12, 'Batch 181');
INSERT INTO inbound_orders (inbound_id, product_id, inbound_type, warehouse_id, expected_quantity, actual_quantity, total_items, status, created_time, received_time, operator, notes) VALUES (182, 33, 'purchase', 2, 913, 0, 1, 'receiving', '2025-11-24 09:51:23', NULL, 22, 'Batch 182');
INSERT INTO inbound_orders (inbound_id, product_id, inbound_type, warehouse_id, expected_quantity, actual_quantity, total_items, status, created_time, received_time, operator, notes) VALUES (183, 5, 'return', 3, 551, 551, 1, 'completed', '2025-11-29 13:24:15', '2025-11-30 04:49:13', 28, 'Batch 183');
INSERT INTO inbound_orders (inbound_id, product_id, inbound_type, warehouse_id, expected_quantity, actual_quantity, total_items, status, created_time, received_time, operator, notes) VALUES (184, 23, 'return', 3, 988, 0, 1, 'cancelled', '2025-11-22 01:23:40', NULL, 18, 'Batch 184');
INSERT INTO inbound_orders (inbound_id, product_id, inbound_type, warehouse_id, expected_quantity, actual_quantity, total_items, status, created_time, received_time, operator, notes) VALUES (185, 10, 'purchase', 1, 776, 776, 1, 'completed', '2025-11-18 23:15:25', '2025-11-20 12:36:51', 31, 'Batch 185');
INSERT INTO inbound_orders (inbound_id, product_id, inbound_type, warehouse_id, expected_quantity, actual_quantity, total_items, status, created_time, received_time, operator, notes) VALUES (186, 17, 'transfer', 4, 268, 268, 1, 'completed', '2025-11-25 17:03:21', '2025-11-27 05:21:04', 19, 'Batch 186');
INSERT INTO inbound_orders (inbound_id, product_id, inbound_type, warehouse_id, expected_quantity, actual_quantity, total_items, status, created_time, received_time, operator, notes) VALUES (187, 37, 'purchase', 2, 83, 83, 1, 'completed', '2025-11-29 23:26:41', '2025-12-02 00:48:35', 27, 'Batch 187');
INSERT INTO inbound_orders (inbound_id, product_id, inbound_type, warehouse_id, expected_quantity, actual_quantity, total_items, status, created_time, received_time, operator, notes) VALUES (188, 4, 'return', 4, 575, 575, 1, 'completed', '2025-11-30 06:25:56', '2025-12-02 08:36:07', 14, 'Batch 188');
INSERT INTO inbound_orders (inbound_id, product_id, inbound_type, warehouse_id, expected_quantity, actual_quantity, total_items, status, created_time, received_time, operator, notes) VALUES (189, 49, 'transfer', 5, 688, 688, 1, 'completed', '2025-11-23 19:54:31', '2025-11-25 09:06:06', 40, 'Batch 189');
INSERT INTO inbound_orders (inbound_id, product_id, inbound_type, warehouse_id, expected_quantity, actual_quantity, total_items, status, created_time, received_time, operator, notes) VALUES (190, 91, 'return', 5, 476, 0, 1, 'pending', '2025-11-26 11:18:13', NULL, 35, 'Batch 190');
INSERT INTO inbound_orders (inbound_id, product_id, inbound_type, warehouse_id, expected_quantity, actual_quantity, total_items, status, created_time, received_time, operator, notes) VALUES (191, 50, 'purchase', 2, 103, 103, 1, 'completed', '2025-11-29 23:25:57', '2025-11-30 01:11:48', 32, 'Batch 191');
INSERT INTO inbound_orders (inbound_id, product_id, inbound_type, warehouse_id, expected_quantity, actual_quantity, total_items, status, created_time, received_time, operator, notes) VALUES (192, 76, 'return', 2, 592, 592, 1, 'completed', '2025-11-28 17:59:01', '2025-11-30 12:11:55', 42, 'Batch 192');
INSERT INTO inbound_orders (inbound_id, product_id, inbound_type, warehouse_id, expected_quantity, actual_quantity, total_items, status, created_time, received_time, operator, notes) VALUES (193, 28, 'return', 5, 588, 588, 1, 'completed', '2025-11-21 22:36:49', '2025-11-22 01:38:48', 35, 'Batch 193');
INSERT INTO inbound_orders (inbound_id, product_id, inbound_type, warehouse_id, expected_quantity, actual_quantity, total_items, status, created_time, received_time, operator, notes) VALUES (194, 55, 'purchase', 4, 483, 483, 1, 'completed', '2025-11-20 00:46:57', '2025-11-21 03:02:01', 29, 'Batch 194');
INSERT INTO inbound_orders (inbound_id, product_id, inbound_type, warehouse_id, expected_quantity, actual_quantity, total_items, status, created_time, received_time, operator, notes) VALUES (195, 60, 'purchase', 5, 919, 919, 1, 'completed', '2025-11-30 15:20:14', '2025-12-01 06:31:51', 25, 'Batch 195');
INSERT INTO inbound_orders (inbound_id, product_id, inbound_type, warehouse_id, expected_quantity, actual_quantity, total_items, status, created_time, received_time, operator, notes) VALUES (196, 58, 'return', 5, 655, 655, 1, 'completed', '2025-11-18 10:08:59', '2025-11-20 16:05:10', 5, 'Batch 196');
INSERT INTO inbound_orders (inbound_id, product_id, inbound_type, warehouse_id, expected_quantity, actual_quantity, total_items, status, created_time, received_time, operator, notes) VALUES (197, 32, 'transfer', 1, 732, 732, 1, 'completed', '2025-11-22 10:40:27', '2025-11-25 07:48:06', 21, 'Batch 197');
INSERT INTO inbound_orders (inbound_id, product_id, inbound_type, warehouse_id, expected_quantity, actual_quantity, total_items, status, created_time, received_time, operator, notes) VALUES (198, 75, 'transfer', 3, 778, 0, 1, 'pending', '2025-11-23 11:15:16', NULL, 8, 'Batch 198');
INSERT INTO inbound_orders (inbound_id, product_id, inbound_type, warehouse_id, expected_quantity, actual_quantity, total_items, status, created_time, received_time, operator, notes) VALUES (199, 100, 'transfer', 2, 590, 0, 1, 'receiving', '2025-11-20 01:24:54', NULL, 22, 'Batch 199');
INSERT INTO inbound_orders (inbound_id, product_id, inbound_type, warehouse_id, expected_quantity, actual_quantity, total_items, status, created_time, received_time, operator, notes) VALUES (200, 19, 'return', 1, 962, 0, 1, 'pending', '2025-11-27 22:51:50', NULL, 1, 'Batch 200');
INSERT INTO inbound_orders (inbound_id, product_id, inbound_type, warehouse_id, expected_quantity, actual_quantity, total_items, status, created_time, received_time, operator, notes) VALUES (201, 62, 'purchase', 3, 882, 882, 1, 'completed', '2025-11-28 11:15:39', '2025-11-30 00:53:09', 3, 'Batch 201');
INSERT INTO inbound_orders (inbound_id, product_id, inbound_type, warehouse_id, expected_quantity, actual_quantity, total_items, status, created_time, received_time, operator, notes) VALUES (202, 44, 'purchase', 1, 655, 0, 1, 'pending', '2025-11-20 06:33:04', NULL, 41, 'Batch 202');
INSERT INTO inbound_orders (inbound_id, product_id, inbound_type, warehouse_id, expected_quantity, actual_quantity, total_items, status, created_time, received_time, operator, notes) VALUES (203, 65, 'return', 3, 524, 524, 1, 'completed', '2025-11-28 22:02:53', '2025-12-01 21:12:37', 18, 'Batch 203');
INSERT INTO inbound_orders (inbound_id, product_id, inbound_type, warehouse_id, expected_quantity, actual_quantity, total_items, status, created_time, received_time, operator, notes) VALUES (204, 34, 'transfer', 2, 240, 0, 1, 'cancelled', '2025-11-20 04:29:41', NULL, 42, 'Batch 204');
INSERT INTO inbound_orders (inbound_id, product_id, inbound_type, warehouse_id, expected_quantity, actual_quantity, total_items, status, created_time, received_time, operator, notes) VALUES (205, 59, 'return', 3, 492, 492, 1, 'completed', '2025-11-23 12:31:48', '2025-11-26 04:32:52', 8, 'Batch 205');
INSERT INTO inbound_orders (inbound_id, product_id, inbound_type, warehouse_id, expected_quantity, actual_quantity, total_items, status, created_time, received_time, operator, notes) VALUES (206, 24, 'purchase', 3, 741, 741, 1, 'completed', '2025-11-23 17:48:41', '2025-11-25 00:45:04', 38, 'Batch 206');
INSERT INTO inbound_orders (inbound_id, product_id, inbound_type, warehouse_id, expected_quantity, actual_quantity, total_items, status, created_time, received_time, operator, notes) VALUES (207, 64, 'purchase', 5, 589, 0, 1, 'pending', '2025-11-23 22:22:53', NULL, 35, 'Batch 207');
INSERT INTO inbound_orders (inbound_id, product_id, inbound_type, warehouse_id, expected_quantity, actual_quantity, total_items, status, created_time, received_time, operator, notes) VALUES (208, 68, 'purchase', 2, 409, 0, 1, 'pending', '2025-11-23 00:36:40', NULL, 42, 'Batch 208');
INSERT INTO inbound_orders (inbound_id, product_id, inbound_type, warehouse_id, expected_quantity, actual_quantity, total_items, status, created_time, received_time, operator, notes) VALUES (209, 57, 'purchase', 4, 142, 142, 1, 'completed', '2025-11-30 13:00:43', '2025-12-02 02:54:01', 9, 'Batch 209');
INSERT INTO inbound_orders (inbound_id, product_id, inbound_type, warehouse_id, expected_quantity, actual_quantity, total_items, status, created_time, received_time, operator, notes) VALUES (210, 25, 'purchase', 2, 363, 363, 1, 'completed', '2025-11-22 14:00:28', '2025-11-23 07:14:54', 12, 'Batch 210');
INSERT INTO inbound_orders (inbound_id, product_id, inbound_type, warehouse_id, expected_quantity, actual_quantity, total_items, status, created_time, received_time, operator, notes) VALUES (211, 70, 'transfer', 1, 599, 0, 1, 'receiving', '2025-11-17 06:17:23', NULL, 21, 'Batch 211');
INSERT INTO inbound_orders (inbound_id, product_id, inbound_type, warehouse_id, expected_quantity, actual_quantity, total_items, status, created_time, received_time, operator, notes) VALUES (212, 21, 'return', 4, 496, 496, 1, 'completed', '2025-11-22 03:31:20', '2025-11-23 07:18:45', 9, 'Batch 212');
INSERT INTO inbound_orders (inbound_id, product_id, inbound_type, warehouse_id, expected_quantity, actual_quantity, total_items, status, created_time, received_time, operator, notes) VALUES (213, 80, 'return', 1, 995, 995, 1, 'completed', '2025-11-17 00:05:42', '2025-11-17 18:57:57', 11, 'Batch 213');
INSERT INTO inbound_orders (inbound_id, product_id, inbound_type, warehouse_id, expected_quantity, actual_quantity, total_items, status, created_time, received_time, operator, notes) VALUES (214, 43, 'purchase', 5, 790, 0, 1, 'pending', '2025-11-22 02:19:04', NULL, 25, 'Batch 214');
INSERT INTO inbound_orders (inbound_id, product_id, inbound_type, warehouse_id, expected_quantity, actual_quantity, total_items, status, created_time, received_time, operator, notes) VALUES (215, 97, 'purchase', 2, 247, 247, 1, 'completed', '2025-11-23 03:32:47', '2025-11-25 21:36:28', 17, 'Batch 215');
INSERT INTO inbound_orders (inbound_id, product_id, inbound_type, warehouse_id, expected_quantity, actual_quantity, total_items, status, created_time, received_time, operator, notes) VALUES (216, 65, 'return', 5, 500, 500, 1, 'completed', '2025-11-22 22:30:00', '2025-11-24 23:12:16', 40, 'Batch 216');
INSERT INTO inbound_orders (inbound_id, product_id, inbound_type, warehouse_id, expected_quantity, actual_quantity, total_items, status, created_time, received_time, operator, notes) VALUES (217, 77, 'return', 2, 551, 0, 1, 'pending', '2025-11-23 23:38:31', NULL, 27, 'Batch 217');
INSERT INTO inbound_orders (inbound_id, product_id, inbound_type, warehouse_id, expected_quantity, actual_quantity, total_items, status, created_time, received_time, operator, notes) VALUES (218, 40, 'return', 2, 296, 0, 1, 'receiving', '2025-11-20 01:01:14', NULL, 2, 'Batch 218');
INSERT INTO inbound_orders (inbound_id, product_id, inbound_type, warehouse_id, expected_quantity, actual_quantity, total_items, status, created_time, received_time, operator, notes) VALUES (219, 50, 'return', 5, 404, 404, 1, 'completed', '2025-11-22 21:51:09', '2025-11-24 23:46:07', 45, 'Batch 219');
INSERT INTO inbound_orders (inbound_id, product_id, inbound_type, warehouse_id, expected_quantity, actual_quantity, total_items, status, created_time, received_time, operator, notes) VALUES (220, 16, 'transfer', 2, 726, 0, 1, 'cancelled', '2025-11-27 19:31:13', NULL, 42, 'Batch 220');
INSERT INTO inbound_orders (inbound_id, product_id, inbound_type, warehouse_id, expected_quantity, actual_quantity, total_items, status, created_time, received_time, operator, notes) VALUES (221, 23, 'purchase', 4, 862, 862, 1, 'completed', '2025-11-29 05:34:20', '2025-12-01 15:07:07', 34, 'Batch 221');
INSERT INTO inbound_orders (inbound_id, product_id, inbound_type, warehouse_id, expected_quantity, actual_quantity, total_items, status, created_time, received_time, operator, notes) VALUES (222, 64, 'purchase', 3, 875, 875, 1, 'completed', '2025-11-19 04:36:09', '2025-11-20 07:26:04', 23, 'Batch 222');
INSERT INTO inbound_orders (inbound_id, product_id, inbound_type, warehouse_id, expected_quantity, actual_quantity, total_items, status, created_time, received_time, operator, notes) VALUES (223, 57, 'purchase', 3, 238, 238, 1, 'completed', '2025-11-21 03:11:14', '2025-11-23 06:24:45', 33, 'Batch 223');
INSERT INTO inbound_orders (inbound_id, product_id, inbound_type, warehouse_id, expected_quantity, actual_quantity, total_items, status, created_time, received_time, operator, notes) VALUES (224, 70, 'return', 1, 811, 811, 1, 'completed', '2025-11-26 06:51:08', '2025-11-28 15:45:56', 6, 'Batch 224');
INSERT INTO inbound_orders (inbound_id, product_id, inbound_type, warehouse_id, expected_quantity, actual_quantity, total_items, status, created_time, received_time, operator, notes) VALUES (225, 63, 'purchase', 3, 913, 913, 1, 'completed', '2025-11-26 08:31:48', '2025-11-28 18:14:48', 8, 'Batch 225');
INSERT INTO inbound_orders (inbound_id, product_id, inbound_type, warehouse_id, expected_quantity, actual_quantity, total_items, status, created_time, received_time, operator, notes) VALUES (226, 57, 'return', 2, 885, 0, 1, 'receiving', '2025-11-20 23:47:32', NULL, 32, 'Batch 226');
INSERT INTO inbound_orders (inbound_id, product_id, inbound_type, warehouse_id, expected_quantity, actual_quantity, total_items, status, created_time, received_time, operator, notes) VALUES (227, 89, 'return', 5, 329, 329, 1, 'completed', '2025-11-29 01:01:28', '2025-11-30 23:23:26', 25, 'Batch 227');
INSERT INTO inbound_orders (inbound_id, product_id, inbound_type, warehouse_id, expected_quantity, actual_quantity, total_items, status, created_time, received_time, operator, notes) VALUES (228, 38, 'purchase', 1, 66, 0, 1, 'pending', '2025-11-26 07:49:37', NULL, 46, 'Batch 228');
INSERT INTO inbound_orders (inbound_id, product_id, inbound_type, warehouse_id, expected_quantity, actual_quantity, total_items, status, created_time, received_time, operator, notes) VALUES (229, 30, 'purchase', 1, 682, 0, 1, 'cancelled', '2025-11-17 02:52:15', NULL, 31, 'Batch 229');
INSERT INTO inbound_orders (inbound_id, product_id, inbound_type, warehouse_id, expected_quantity, actual_quantity, total_items, status, created_time, received_time, operator, notes) VALUES (230, 59, 'purchase', 4, 469, 0, 1, 'cancelled', '2025-11-29 02:06:53', NULL, 34, 'Batch 230');
INSERT INTO inbound_orders (inbound_id, product_id, inbound_type, warehouse_id, expected_quantity, actual_quantity, total_items, status, created_time, received_time, operator, notes) VALUES (231, 68, 'return', 1, 484, 0, 1, 'cancelled', '2025-11-26 19:24:35', NULL, 1, 'Batch 231');
INSERT INTO inbound_orders (inbound_id, product_id, inbound_type, warehouse_id, expected_quantity, actual_quantity, total_items, status, created_time, received_time, operator, notes) VALUES (232, 85, 'return', 2, 300, 300, 1, 'completed', '2025-11-18 23:28:48', '2025-11-20 05:00:53', 32, 'Batch 232');
INSERT INTO inbound_orders (inbound_id, product_id, inbound_type, warehouse_id, expected_quantity, actual_quantity, total_items, status, created_time, received_time, operator, notes) VALUES (233, 50, 'return', 2, 966, 0, 1, 'pending', '2025-11-23 12:18:06', NULL, 7, 'Batch 233');
INSERT INTO inbound_orders (inbound_id, product_id, inbound_type, warehouse_id, expected_quantity, actual_quantity, total_items, status, created_time, received_time, operator, notes) VALUES (234, 95, 'purchase', 2, 482, 482, 1, 'completed', '2025-11-30 12:36:12', '2025-12-02 20:54:50', 27, 'Batch 234');
INSERT INTO inbound_orders (inbound_id, product_id, inbound_type, warehouse_id, expected_quantity, actual_quantity, total_items, status, created_time, received_time, operator, notes) VALUES (235, 5, 'return', 4, 337, 337, 1, 'completed', '2025-11-18 15:52:49', '2025-11-20 17:35:31', 44, 'Batch 235');
INSERT INTO inbound_orders (inbound_id, product_id, inbound_type, warehouse_id, expected_quantity, actual_quantity, total_items, status, created_time, received_time, operator, notes) VALUES (236, 36, 'return', 4, 453, 453, 1, 'completed', '2025-11-30 17:31:12', '2025-12-02 23:09:42', 14, 'Batch 236');
INSERT INTO inbound_orders (inbound_id, product_id, inbound_type, warehouse_id, expected_quantity, actual_quantity, total_items, status, created_time, received_time, operator, notes) VALUES (237, 56, 'purchase', 1, 337, 337, 1, 'completed', '2025-11-26 17:25:32', '2025-11-28 08:32:22', 31, 'Batch 237');
INSERT INTO inbound_orders (inbound_id, product_id, inbound_type, warehouse_id, expected_quantity, actual_quantity, total_items, status, created_time, received_time, operator, notes) VALUES (238, 3, 'transfer', 4, 865, 0, 1, 'receiving', '2025-11-29 18:06:48', NULL, 49, 'Batch 238');
INSERT INTO inbound_orders (inbound_id, product_id, inbound_type, warehouse_id, expected_quantity, actual_quantity, total_items, status, created_time, received_time, operator, notes) VALUES (239, 58, 'purchase', 4, 89, 89, 1, 'completed', '2025-11-30 15:30:01', '2025-12-02 00:00:41', 14, 'Batch 239');
INSERT INTO inbound_orders (inbound_id, product_id, inbound_type, warehouse_id, expected_quantity, actual_quantity, total_items, status, created_time, received_time, operator, notes) VALUES (240, 68, 'purchase', 3, 681, 681, 1, 'completed', '2025-11-24 15:44:54', '2025-11-25 14:33:23', 38, 'Batch 240');
INSERT INTO inbound_orders (inbound_id, product_id, inbound_type, warehouse_id, expected_quantity, actual_quantity, total_items, status, created_time, received_time, operator, notes) VALUES (241, 96, 'return', 5, 963, 0, 1, 'pending', '2025-11-30 08:26:50', NULL, 5, 'Batch 241');
INSERT INTO inbound_orders (inbound_id, product_id, inbound_type, warehouse_id, expected_quantity, actual_quantity, total_items, status, created_time, received_time, operator, notes) VALUES (242, 10, 'purchase', 3, 792, 792, 1, 'completed', '2025-11-17 05:47:12', '2025-11-19 23:46:00', 13, 'Batch 242');
INSERT INTO inbound_orders (inbound_id, product_id, inbound_type, warehouse_id, expected_quantity, actual_quantity, total_items, status, created_time, received_time, operator, notes) VALUES (243, 13, 'return', 2, 186, 186, 1, 'completed', '2025-11-26 18:28:16', '2025-11-28 12:15:39', 32, 'Batch 243');
INSERT INTO inbound_orders (inbound_id, product_id, inbound_type, warehouse_id, expected_quantity, actual_quantity, total_items, status, created_time, received_time, operator, notes) VALUES (244, 89, 'transfer', 2, 318, 318, 1, 'completed', '2025-11-27 10:39:14', '2025-11-29 11:01:18', 32, 'Batch 244');
INSERT INTO inbound_orders (inbound_id, product_id, inbound_type, warehouse_id, expected_quantity, actual_quantity, total_items, status, created_time, received_time, operator, notes) VALUES (245, 62, 'purchase', 5, 107, 107, 1, 'completed', '2025-11-24 23:01:01', '2025-11-26 16:44:15', 35, 'Batch 245');
INSERT INTO inbound_orders (inbound_id, product_id, inbound_type, warehouse_id, expected_quantity, actual_quantity, total_items, status, created_time, received_time, operator, notes) VALUES (246, 50, 'purchase', 5, 988, 988, 1, 'completed', '2025-11-29 19:00:39', '2025-11-30 04:35:40', 10, 'Batch 246');
INSERT INTO inbound_orders (inbound_id, product_id, inbound_type, warehouse_id, expected_quantity, actual_quantity, total_items, status, created_time, received_time, operator, notes) VALUES (247, 71, 'purchase', 5, 277, 277, 1, 'completed', '2025-11-23 00:32:12', '2025-11-25 20:29:55', 45, 'Batch 247');
INSERT INTO inbound_orders (inbound_id, product_id, inbound_type, warehouse_id, expected_quantity, actual_quantity, total_items, status, created_time, received_time, operator, notes) VALUES (248, 10, 'purchase', 2, 975, 0, 1, 'cancelled', '2025-11-17 09:14:03', NULL, 12, 'Batch 248');
INSERT INTO inbound_orders (inbound_id, product_id, inbound_type, warehouse_id, expected_quantity, actual_quantity, total_items, status, created_time, received_time, operator, notes) VALUES (249, 4, 'transfer', 4, 181, 0, 1, 'pending', '2025-11-28 17:10:17', NULL, 34, 'Batch 249');
INSERT INTO inbound_orders (inbound_id, product_id, inbound_type, warehouse_id, expected_quantity, actual_quantity, total_items, status, created_time, received_time, operator, notes) VALUES (250, 63, 'transfer', 1, 509, 0, 1, 'receiving', '2025-11-21 06:04:38', NULL, 21, 'Batch 250');
INSERT INTO inbound_orders (inbound_id, product_id, inbound_type, warehouse_id, expected_quantity, actual_quantity, total_items, status, created_time, received_time, operator, notes) VALUES (251, 20, 'return', 4, 856, 856, 1, 'completed', '2025-11-26 13:04:01', '2025-11-29 12:33:59', 34, 'Batch 251');
INSERT INTO inbound_orders (inbound_id, product_id, inbound_type, warehouse_id, expected_quantity, actual_quantity, total_items, status, created_time, received_time, operator, notes) VALUES (252, 75, 'purchase', 3, 571, 0, 1, 'pending', '2025-11-30 09:22:38', NULL, 8, 'Batch 252');
INSERT INTO inbound_orders (inbound_id, product_id, inbound_type, warehouse_id, expected_quantity, actual_quantity, total_items, status, created_time, received_time, operator, notes) VALUES (253, 35, 'return', 5, 271, 271, 1, 'completed', '2025-11-19 07:14:16', '2025-11-22 03:16:06', 50, 'Batch 253');
INSERT INTO inbound_orders (inbound_id, product_id, inbound_type, warehouse_id, expected_quantity, actual_quantity, total_items, status, created_time, received_time, operator, notes) VALUES (254, 41, 'return', 5, 567, 0, 1, 'pending', '2025-11-18 22:14:07', NULL, 10, 'Batch 254');
INSERT INTO inbound_orders (inbound_id, product_id, inbound_type, warehouse_id, expected_quantity, actual_quantity, total_items, status, created_time, received_time, operator, notes) VALUES (255, 93, 'purchase', 1, 470, 470, 1, 'completed', '2025-11-17 10:02:29', '2025-11-18 10:33:16', 16, 'Batch 255');
INSERT INTO inbound_orders (inbound_id, product_id, inbound_type, warehouse_id, expected_quantity, actual_quantity, total_items, status, created_time, received_time, operator, notes) VALUES (256, 31, 'purchase', 3, 184, 0, 1, 'pending', '2025-11-17 06:40:14', NULL, 23, 'Batch 256');
INSERT INTO inbound_orders (inbound_id, product_id, inbound_type, warehouse_id, expected_quantity, actual_quantity, total_items, status, created_time, received_time, operator, notes) VALUES (257, 71, 'purchase', 5, 155, 155, 1, 'completed', '2025-11-25 04:10:10', '2025-11-26 18:38:44', 20, 'Batch 257');
INSERT INTO inbound_orders (inbound_id, product_id, inbound_type, warehouse_id, expected_quantity, actual_quantity, total_items, status, created_time, received_time, operator, notes) VALUES (258, 60, 'transfer', 2, 381, 381, 1, 'completed', '2025-11-25 02:45:34', '2025-11-26 14:59:54', 22, 'Batch 258');
INSERT INTO inbound_orders (inbound_id, product_id, inbound_type, warehouse_id, expected_quantity, actual_quantity, total_items, status, created_time, received_time, operator, notes) VALUES (259, 22, 'return', 3, 387, 387, 1, 'completed', '2025-11-19 18:46:04', '2025-11-21 07:00:09', 13, 'Batch 259');
INSERT INTO inbound_orders (inbound_id, product_id, inbound_type, warehouse_id, expected_quantity, actual_quantity, total_items, status, created_time, received_time, operator, notes) VALUES (260, 55, 'purchase', 3, 333, 0, 1, 'cancelled', '2025-11-25 18:48:48', NULL, 38, 'Batch 260');
INSERT INTO inbound_orders (inbound_id, product_id, inbound_type, warehouse_id, expected_quantity, actual_quantity, total_items, status, created_time, received_time, operator, notes) VALUES (261, 100, 'return', 5, 269, 0, 1, 'cancelled', '2025-11-20 10:48:13', NULL, 15, 'Batch 261');
INSERT INTO inbound_orders (inbound_id, product_id, inbound_type, warehouse_id, expected_quantity, actual_quantity, total_items, status, created_time, received_time, operator, notes) VALUES (262, 38, 'return', 3, 527, 0, 1, 'cancelled', '2025-11-16 17:41:36', NULL, 3, 'Batch 262');
INSERT INTO inbound_orders (inbound_id, product_id, inbound_type, warehouse_id, expected_quantity, actual_quantity, total_items, status, created_time, received_time, operator, notes) VALUES (263, 96, 'transfer', 5, 56, 56, 1, 'completed', '2025-11-20 18:13:37', '2025-11-21 23:10:47', 25, 'Batch 263');
INSERT INTO inbound_orders (inbound_id, product_id, inbound_type, warehouse_id, expected_quantity, actual_quantity, total_items, status, created_time, received_time, operator, notes) VALUES (264, 42, 'transfer', 1, 974, 0, 1, 'pending', '2025-11-20 20:23:37', NULL, 6, 'Batch 264');
INSERT INTO inbound_orders (inbound_id, product_id, inbound_type, warehouse_id, expected_quantity, actual_quantity, total_items, status, created_time, received_time, operator, notes) VALUES (265, 90, 'purchase', 1, 849, 849, 1, 'completed', '2025-11-24 00:09:23', '2025-11-25 21:19:34', 26, 'Batch 265');
INSERT INTO inbound_orders (inbound_id, product_id, inbound_type, warehouse_id, expected_quantity, actual_quantity, total_items, status, created_time, received_time, operator, notes) VALUES (266, 61, 'purchase', 5, 689, 689, 1, 'completed', '2025-11-23 02:35:41', '2025-11-23 12:48:22', 40, 'Batch 266');
INSERT INTO inbound_orders (inbound_id, product_id, inbound_type, warehouse_id, expected_quantity, actual_quantity, total_items, status, created_time, received_time, operator, notes) VALUES (267, 15, 'purchase', 2, 193, 193, 1, 'completed', '2025-11-18 12:28:12', '2025-11-21 03:50:42', 42, 'Batch 267');
INSERT INTO inbound_orders (inbound_id, product_id, inbound_type, warehouse_id, expected_quantity, actual_quantity, total_items, status, created_time, received_time, operator, notes) VALUES (268, 89, 'purchase', 5, 909, 909, 1, 'completed', '2025-11-27 12:30:56', '2025-11-29 14:17:12', 45, 'Batch 268');
INSERT INTO inbound_orders (inbound_id, product_id, inbound_type, warehouse_id, expected_quantity, actual_quantity, total_items, status, created_time, received_time, operator, notes) VALUES (269, 17, 'purchase', 5, 424, 0, 1, 'pending', '2025-11-21 21:11:08', NULL, 45, 'Batch 269');
INSERT INTO inbound_orders (inbound_id, product_id, inbound_type, warehouse_id, expected_quantity, actual_quantity, total_items, status, created_time, received_time, operator, notes) VALUES (270, 84, 'purchase', 1, 54, 54, 1, 'completed', '2025-11-26 16:51:35', '2025-11-27 16:59:57', 31, 'Batch 270');
INSERT INTO inbound_orders (inbound_id, product_id, inbound_type, warehouse_id, expected_quantity, actual_quantity, total_items, status, created_time, received_time, operator, notes) VALUES (271, 9, 'purchase', 2, 500, 500, 1, 'completed', '2025-11-25 04:07:49', '2025-11-25 18:35:45', 32, 'Batch 271');
INSERT INTO inbound_orders (inbound_id, product_id, inbound_type, warehouse_id, expected_quantity, actual_quantity, total_items, status, created_time, received_time, operator, notes) VALUES (272, 36, 'transfer', 5, 322, 0, 1, 'cancelled', '2025-11-25 07:22:30', NULL, 20, 'Batch 272');
INSERT INTO inbound_orders (inbound_id, product_id, inbound_type, warehouse_id, expected_quantity, actual_quantity, total_items, status, created_time, received_time, operator, notes) VALUES (273, 63, 'return', 1, 870, 870, 1, 'completed', '2025-11-18 12:53:35', '2025-11-18 21:32:21', 26, 'Batch 273');
INSERT INTO inbound_orders (inbound_id, product_id, inbound_type, warehouse_id, expected_quantity, actual_quantity, total_items, status, created_time, received_time, operator, notes) VALUES (274, 71, 'transfer', 1, 131, 131, 1, 'completed', '2025-11-20 10:56:50', '2025-11-21 10:35:21', 11, 'Batch 274');
INSERT INTO inbound_orders (inbound_id, product_id, inbound_type, warehouse_id, expected_quantity, actual_quantity, total_items, status, created_time, received_time, operator, notes) VALUES (275, 35, 'return', 1, 182, 182, 1, 'completed', '2025-11-20 16:05:00', '2025-11-23 01:02:31', 6, 'Batch 275');
INSERT INTO inbound_orders (inbound_id, product_id, inbound_type, warehouse_id, expected_quantity, actual_quantity, total_items, status, created_time, received_time, operator, notes) VALUES (276, 60, 'return', 1, 785, 785, 1, 'completed', '2025-11-18 06:50:37', '2025-11-20 00:49:58', 16, 'Batch 276');
INSERT INTO inbound_orders (inbound_id, product_id, inbound_type, warehouse_id, expected_quantity, actual_quantity, total_items, status, created_time, received_time, operator, notes) VALUES (277, 28, 'return', 1, 554, 0, 1, 'receiving', '2025-11-18 19:55:58', NULL, 26, 'Batch 277');
INSERT INTO inbound_orders (inbound_id, product_id, inbound_type, warehouse_id, expected_quantity, actual_quantity, total_items, status, created_time, received_time, operator, notes) VALUES (278, 57, 'transfer', 3, 122, 122, 1, 'completed', '2025-11-26 21:12:43', '2025-11-28 16:19:58', 48, 'Batch 278');
INSERT INTO inbound_orders (inbound_id, product_id, inbound_type, warehouse_id, expected_quantity, actual_quantity, total_items, status, created_time, received_time, operator, notes) VALUES (279, 92, 'purchase', 5, 515, 0, 1, 'pending', '2025-11-29 22:05:38', NULL, 35, 'Batch 279');
INSERT INTO inbound_orders (inbound_id, product_id, inbound_type, warehouse_id, expected_quantity, actual_quantity, total_items, status, created_time, received_time, operator, notes) VALUES (280, 40, 'transfer', 1, 986, 986, 1, 'completed', '2025-11-16 23:29:57', '2025-11-18 20:53:35', 46, 'Batch 280');
INSERT INTO inbound_orders (inbound_id, product_id, inbound_type, warehouse_id, expected_quantity, actual_quantity, total_items, status, created_time, received_time, operator, notes) VALUES (281, 82, 'purchase', 5, 66, 66, 1, 'completed', '2025-11-18 04:38:54', '2025-11-19 17:06:35', 10, 'Batch 281');
INSERT INTO inbound_orders (inbound_id, product_id, inbound_type, warehouse_id, expected_quantity, actual_quantity, total_items, status, created_time, received_time, operator, notes) VALUES (282, 3, 'purchase', 2, 610, 610, 1, 'completed', '2025-11-29 23:06:39', '2025-11-30 15:40:59', 32, 'Batch 282');
INSERT INTO inbound_orders (inbound_id, product_id, inbound_type, warehouse_id, expected_quantity, actual_quantity, total_items, status, created_time, received_time, operator, notes) VALUES (283, 56, 'purchase', 5, 586, 586, 1, 'completed', '2025-11-17 21:49:38', '2025-11-20 01:25:20', 5, 'Batch 283');
INSERT INTO inbound_orders (inbound_id, product_id, inbound_type, warehouse_id, expected_quantity, actual_quantity, total_items, status, created_time, received_time, operator, notes) VALUES (284, 62, 'purchase', 5, 635, 0, 1, 'receiving', '2025-11-21 16:02:45', NULL, 10, 'Batch 284');
INSERT INTO inbound_orders (inbound_id, product_id, inbound_type, warehouse_id, expected_quantity, actual_quantity, total_items, status, created_time, received_time, operator, notes) VALUES (285, 88, 'purchase', 3, 631, 0, 1, 'receiving', '2025-11-16 22:25:17', NULL, 13, 'Batch 285');
INSERT INTO inbound_orders (inbound_id, product_id, inbound_type, warehouse_id, expected_quantity, actual_quantity, total_items, status, created_time, received_time, operator, notes) VALUES (286, 41, 'return', 5, 229, 0, 1, 'pending', '2025-11-24 16:25:22', NULL, 30, 'Batch 286');
INSERT INTO inbound_orders (inbound_id, product_id, inbound_type, warehouse_id, expected_quantity, actual_quantity, total_items, status, created_time, received_time, operator, notes) VALUES (287, 63, 'purchase', 3, 215, 0, 1, 'pending', '2025-11-17 10:18:43', NULL, 3, 'Batch 287');
INSERT INTO inbound_orders (inbound_id, product_id, inbound_type, warehouse_id, expected_quantity, actual_quantity, total_items, status, created_time, received_time, operator, notes) VALUES (288, 62, 'return', 1, 893, 893, 1, 'completed', '2025-11-16 18:28:27', '2025-11-18 15:13:47', 36, 'Batch 288');
INSERT INTO inbound_orders (inbound_id, product_id, inbound_type, warehouse_id, expected_quantity, actual_quantity, total_items, status, created_time, received_time, operator, notes) VALUES (289, 65, 'purchase', 3, 217, 0, 1, 'pending', '2025-11-21 13:45:53', NULL, 18, 'Batch 289');
INSERT INTO inbound_orders (inbound_id, product_id, inbound_type, warehouse_id, expected_quantity, actual_quantity, total_items, status, created_time, received_time, operator, notes) VALUES (290, 6, 'purchase', 3, 262, 262, 1, 'completed', '2025-11-25 16:32:21', '2025-11-28 14:53:32', 33, 'Batch 290');
INSERT INTO inbound_orders (inbound_id, product_id, inbound_type, warehouse_id, expected_quantity, actual_quantity, total_items, status, created_time, received_time, operator, notes) VALUES (291, 59, 'purchase', 4, 58, 0, 1, 'pending', '2025-11-24 19:19:26', NULL, 4, 'Batch 291');
INSERT INTO inbound_orders (inbound_id, product_id, inbound_type, warehouse_id, expected_quantity, actual_quantity, total_items, status, created_time, received_time, operator, notes) VALUES (292, 17, 'transfer', 5, 253, 253, 1, 'completed', '2025-11-21 23:59:02', '2025-11-24 23:26:07', 5, 'Batch 292');
INSERT INTO inbound_orders (inbound_id, product_id, inbound_type, warehouse_id, expected_quantity, actual_quantity, total_items, status, created_time, received_time, operator, notes) VALUES (293, 46, 'purchase', 3, 294, 294, 1, 'completed', '2025-11-20 07:12:29', '2025-11-22 06:49:05', 38, 'Batch 293');
INSERT INTO inbound_orders (inbound_id, product_id, inbound_type, warehouse_id, expected_quantity, actual_quantity, total_items, status, created_time, received_time, operator, notes) VALUES (294, 55, 'return', 5, 638, 0, 1, 'pending', '2025-11-16 22:49:49', NULL, 10, 'Batch 294');
INSERT INTO inbound_orders (inbound_id, product_id, inbound_type, warehouse_id, expected_quantity, actual_quantity, total_items, status, created_time, received_time, operator, notes) VALUES (295, 9, 'return', 1, 934, 0, 1, 'receiving', '2025-11-27 01:38:46', NULL, 6, 'Batch 295');
INSERT INTO inbound_orders (inbound_id, product_id, inbound_type, warehouse_id, expected_quantity, actual_quantity, total_items, status, created_time, received_time, operator, notes) VALUES (296, 33, 'return', 3, 348, 0, 1, 'cancelled', '2025-11-20 04:27:33', NULL, 38, 'Batch 296');
INSERT INTO inbound_orders (inbound_id, product_id, inbound_type, warehouse_id, expected_quantity, actual_quantity, total_items, status, created_time, received_time, operator, notes) VALUES (297, 27, 'purchase', 5, 622, 622, 1, 'completed', '2025-11-20 21:30:16', '2025-11-21 16:44:23', 15, 'Batch 297');
INSERT INTO inbound_orders (inbound_id, product_id, inbound_type, warehouse_id, expected_quantity, actual_quantity, total_items, status, created_time, received_time, operator, notes) VALUES (298, 77, 'transfer', 2, 733, 0, 1, 'pending', '2025-11-28 23:57:17', NULL, 2, 'Batch 298');
INSERT INTO inbound_orders (inbound_id, product_id, inbound_type, warehouse_id, expected_quantity, actual_quantity, total_items, status, created_time, received_time, operator, notes) VALUES (299, 19, 'transfer', 3, 385, 385, 1, 'completed', '2025-11-21 11:00:54', '2025-11-23 22:05:19', 13, 'Batch 299');
INSERT INTO inbound_orders (inbound_id, product_id, inbound_type, warehouse_id, expected_quantity, actual_quantity, total_items, status, created_time, received_time, operator, notes) VALUES (300, 45, 'transfer', 3, 107, 0, 1, 'pending', '2025-11-27 05:04:24', NULL, 13, 'Batch 300');
INSERT INTO outbound_orders (outbound_id, product_id, outbound_type, warehouse_id, total_items, total_quantity, status, picker, packer, created_time, shipped_time) VALUES (1, 57, 'sales', 4, 1, 86, 'picking', 24, NULL, '2025-11-26 22:24:47', NULL);
INSERT INTO outbound_orders (outbound_id, product_id, outbound_type, warehouse_id, total_items, total_quantity, status, picker, packer, created_time, shipped_time) VALUES (2, 12, 'sales', 4, 1, 60, 'shipped', 19, 19, '2025-11-22 13:19:16', '2025-11-25 07:18:43');
INSERT INTO outbound_orders (outbound_id, product_id, outbound_type, warehouse_id, total_items, total_quantity, status, picker, packer, created_time, shipped_time) VALUES (3, 71, 'sales', 5, 1, 58, 'shipped', 10, 10, '2025-11-23 19:20:43', '2025-11-25 14:06:16');
INSERT INTO outbound_orders (outbound_id, product_id, outbound_type, warehouse_id, total_items, total_quantity, status, picker, packer, created_time, shipped_time) VALUES (4, 62, 'sales', 5, 1, 61, 'shipped', 30, 30, '2025-11-19 00:04:15', '2025-11-19 04:12:14');
INSERT INTO outbound_orders (outbound_id, product_id, outbound_type, warehouse_id, total_items, total_quantity, status, picker, packer, created_time, shipped_time) VALUES (5, 72, 'sales', 5, 1, 57, 'shipped', 35, 35, '2025-11-30 04:17:26', '2025-12-03 00:38:15');
INSERT INTO outbound_orders (outbound_id, product_id, outbound_type, warehouse_id, total_items, total_quantity, status, picker, packer, created_time, shipped_time) VALUES (6, 88, 'sales', 1, 1, 70, 'shipped', 21, 21, '2025-11-22 15:35:00', '2025-11-24 06:52:16');
INSERT INTO outbound_orders (outbound_id, product_id, outbound_type, warehouse_id, total_items, total_quantity, status, picker, packer, created_time, shipped_time) VALUES (7, 50, 'sales', 2, 1, 27, 'picking', 42, NULL, '2025-11-27 06:06:53', NULL);
INSERT INTO outbound_orders (outbound_id, product_id, outbound_type, warehouse_id, total_items, total_quantity, status, picker, packer, created_time, shipped_time) VALUES (8, 67, 'sales', 3, 1, 97, 'shipped', 8, 8, '2025-11-24 00:22:24', '2025-11-24 12:46:46');
INSERT INTO outbound_orders (outbound_id, product_id, outbound_type, warehouse_id, total_items, total_quantity, status, picker, packer, created_time, shipped_time) VALUES (9, 61, 'sales', 5, 1, 47, 'packing', 30, 30, '2025-11-20 16:55:13', NULL);
INSERT INTO outbound_orders (outbound_id, product_id, outbound_type, warehouse_id, total_items, total_quantity, status, picker, packer, created_time, shipped_time) VALUES (10, 61, 'sales', 5, 1, 2, 'packing', 45, 45, '2025-11-29 21:16:12', NULL);
INSERT INTO outbound_orders (outbound_id, product_id, outbound_type, warehouse_id, total_items, total_quantity, status, picker, packer, created_time, shipped_time) VALUES (11, 90, 'sales', 2, 1, 63, 'pending', NULL, NULL, '2025-11-19 01:05:10', NULL);
INSERT INTO outbound_orders (outbound_id, product_id, outbound_type, warehouse_id, total_items, total_quantity, status, picker, packer, created_time, shipped_time) VALUES (12, 9, 'sales', 5, 1, 36, 'pending', NULL, NULL, '2025-11-26 01:05:19', NULL);
INSERT INTO outbound_orders (outbound_id, product_id, outbound_type, warehouse_id, total_items, total_quantity, status, picker, packer, created_time, shipped_time) VALUES (13, 17, 'sales', 5, 1, 38, 'picking', 35, NULL, '2025-11-29 04:44:28', NULL);
INSERT INTO outbound_orders (outbound_id, product_id, outbound_type, warehouse_id, total_items, total_quantity, status, picker, packer, created_time, shipped_time) VALUES (14, 40, 'sales', 3, 1, 40, 'shipped', 43, 43, '2025-11-18 15:57:30', '2025-11-21 11:53:57');
INSERT INTO outbound_orders (outbound_id, product_id, outbound_type, warehouse_id, total_items, total_quantity, status, picker, packer, created_time, shipped_time) VALUES (15, 37, 'sales', 4, 1, 74, 'shipped', 39, 39, '2025-11-26 13:40:23', '2025-11-29 02:00:14');
INSERT INTO outbound_orders (outbound_id, product_id, outbound_type, warehouse_id, total_items, total_quantity, status, picker, packer, created_time, shipped_time) VALUES (16, 9, 'sales', 2, 1, 67, 'packing', 27, 27, '2025-11-20 23:02:28', NULL);
INSERT INTO outbound_orders (outbound_id, product_id, outbound_type, warehouse_id, total_items, total_quantity, status, picker, packer, created_time, shipped_time) VALUES (17, 62, 'sales', 3, 1, 46, 'pending', NULL, NULL, '2025-11-22 07:45:15', NULL);
INSERT INTO outbound_orders (outbound_id, product_id, outbound_type, warehouse_id, total_items, total_quantity, status, picker, packer, created_time, shipped_time) VALUES (18, 68, 'sales', 3, 1, 81, 'shipped', 13, 13, '2025-11-19 13:50:54', '2025-11-19 17:57:59');
INSERT INTO outbound_orders (outbound_id, product_id, outbound_type, warehouse_id, total_items, total_quantity, status, picker, packer, created_time, shipped_time) VALUES (19, 64, 'sales', 4, 1, 13, 'picking', 29, NULL, '2025-11-28 21:01:37', NULL);
INSERT INTO outbound_orders (outbound_id, product_id, outbound_type, warehouse_id, total_items, total_quantity, status, picker, packer, created_time, shipped_time) VALUES (20, 9, 'sales', 5, 1, 19, 'picking', 40, NULL, '2025-11-27 04:41:13', NULL);
INSERT INTO outbound_orders (outbound_id, product_id, outbound_type, warehouse_id, total_items, total_quantity, status, picker, packer, created_time, shipped_time) VALUES (21, 90, 'sales', 2, 1, 48, 'shipped', 32, 32, '2025-11-29 10:35:49', '2025-12-01 05:11:32');
INSERT INTO outbound_orders (outbound_id, product_id, outbound_type, warehouse_id, total_items, total_quantity, status, picker, packer, created_time, shipped_time) VALUES (22, 78, 'sales', 2, 1, 80, 'pending', NULL, NULL, '2025-11-27 06:50:19', NULL);
INSERT INTO outbound_orders (outbound_id, product_id, outbound_type, warehouse_id, total_items, total_quantity, status, picker, packer, created_time, shipped_time) VALUES (23, 88, 'sales', 1, 1, 16, 'shipped', 31, 31, '2025-11-24 17:21:06', '2025-11-25 22:49:13');
INSERT INTO outbound_orders (outbound_id, product_id, outbound_type, warehouse_id, total_items, total_quantity, status, picker, packer, created_time, shipped_time) VALUES (24, 89, 'sales', 5, 1, 6, 'shipped', 45, 45, '2025-11-30 06:15:55', '2025-11-30 18:40:47');
INSERT INTO outbound_orders (outbound_id, product_id, outbound_type, warehouse_id, total_items, total_quantity, status, picker, packer, created_time, shipped_time) VALUES (25, 70, 'sales', 2, 1, 52, 'shipped', 42, 42, '2025-11-28 15:15:03', '2025-11-29 03:40:39');
INSERT INTO outbound_orders (outbound_id, product_id, outbound_type, warehouse_id, total_items, total_quantity, status, picker, packer, created_time, shipped_time) VALUES (26, 6, 'sales', 2, 1, 52, 'picking', 27, NULL, '2025-11-28 03:19:16', NULL);
INSERT INTO outbound_orders (outbound_id, product_id, outbound_type, warehouse_id, total_items, total_quantity, status, picker, packer, created_time, shipped_time) VALUES (27, 58, 'sales', 4, 1, 78, 'shipped', 39, 39, '2025-11-20 18:17:11', '2025-11-22 19:20:07');
INSERT INTO outbound_orders (outbound_id, product_id, outbound_type, warehouse_id, total_items, total_quantity, status, picker, packer, created_time, shipped_time) VALUES (28, 3, 'sales', 1, 1, 38, 'pending', NULL, NULL, '2025-11-22 14:40:30', NULL);
INSERT INTO outbound_orders (outbound_id, product_id, outbound_type, warehouse_id, total_items, total_quantity, status, picker, packer, created_time, shipped_time) VALUES (29, 9, 'sales', 2, 1, 76, 'picking', 32, NULL, '2025-11-18 13:40:47', NULL);
INSERT INTO outbound_orders (outbound_id, product_id, outbound_type, warehouse_id, total_items, total_quantity, status, picker, packer, created_time, shipped_time) VALUES (30, 37, 'sales', 4, 1, 93, 'pending', NULL, NULL, '2025-11-26 01:14:16', NULL);
INSERT INTO outbound_orders (outbound_id, product_id, outbound_type, warehouse_id, total_items, total_quantity, status, picker, packer, created_time, shipped_time) VALUES (31, 68, 'sales', 3, 1, 98, 'shipped', 8, 8, '2025-11-19 20:19:11', '2025-11-21 21:53:57');
INSERT INTO outbound_orders (outbound_id, product_id, outbound_type, warehouse_id, total_items, total_quantity, status, picker, packer, created_time, shipped_time) VALUES (32, 4, 'sales', 5, 1, 51, 'shipped', 45, 45, '2025-11-21 20:08:40', '2025-11-22 14:19:17');
INSERT INTO outbound_orders (outbound_id, product_id, outbound_type, warehouse_id, total_items, total_quantity, status, picker, packer, created_time, shipped_time) VALUES (33, 56, 'sales', 5, 1, 22, 'shipped', 50, 50, '2025-11-26 17:25:22', '2025-11-28 10:03:34');
INSERT INTO outbound_orders (outbound_id, product_id, outbound_type, warehouse_id, total_items, total_quantity, status, picker, packer, created_time, shipped_time) VALUES (34, 100, 'sales', 3, 1, 13, 'shipped', 18, 18, '2025-11-25 05:22:25', '2025-11-27 15:50:15');
INSERT INTO outbound_orders (outbound_id, product_id, outbound_type, warehouse_id, total_items, total_quantity, status, picker, packer, created_time, shipped_time) VALUES (35, 40, 'sales', 3, 1, 98, 'pending', NULL, NULL, '2025-11-20 12:41:22', NULL);
INSERT INTO outbound_orders (outbound_id, product_id, outbound_type, warehouse_id, total_items, total_quantity, status, picker, packer, created_time, shipped_time) VALUES (36, 9, 'sales', 2, 1, 86, 'shipped', 47, 47, '2025-11-26 06:59:12', '2025-11-28 22:15:23');
INSERT INTO outbound_orders (outbound_id, product_id, outbound_type, warehouse_id, total_items, total_quantity, status, picker, packer, created_time, shipped_time) VALUES (37, 78, 'sales', 1, 1, 82, 'shipped', 11, 11, '2025-11-27 11:20:38', '2025-11-27 18:09:15');
INSERT INTO outbound_orders (outbound_id, product_id, outbound_type, warehouse_id, total_items, total_quantity, status, picker, packer, created_time, shipped_time) VALUES (38, 4, 'sales', 5, 1, 38, 'shipped', 35, 35, '2025-11-26 05:04:51', '2025-11-26 12:34:34');
INSERT INTO outbound_orders (outbound_id, product_id, outbound_type, warehouse_id, total_items, total_quantity, status, picker, packer, created_time, shipped_time) VALUES (39, 94, 'sales', 5, 1, 45, 'pending', NULL, NULL, '2025-11-29 18:31:40', NULL);
INSERT INTO outbound_orders (outbound_id, product_id, outbound_type, warehouse_id, total_items, total_quantity, status, picker, packer, created_time, shipped_time) VALUES (40, 67, 'sales', 3, 1, 46, 'shipped', 8, 8, '2025-11-18 23:22:59', '2025-11-20 01:37:17');
INSERT INTO outbound_orders (outbound_id, product_id, outbound_type, warehouse_id, total_items, total_quantity, status, picker, packer, created_time, shipped_time) VALUES (41, 2, 'sales', 2, 1, 81, 'shipped', 2, 2, '2025-11-26 04:49:08', '2025-11-28 18:27:16');
INSERT INTO outbound_orders (outbound_id, product_id, outbound_type, warehouse_id, total_items, total_quantity, status, picker, packer, created_time, shipped_time) VALUES (42, 70, 'sales', 1, 1, 4, 'shipped', 6, 6, '2025-11-23 23:35:21', '2025-11-25 02:49:42');
INSERT INTO outbound_orders (outbound_id, product_id, outbound_type, warehouse_id, total_items, total_quantity, status, picker, packer, created_time, shipped_time) VALUES (43, 20, 'sales', 3, 1, 73, 'pending', NULL, NULL, '2025-11-23 02:00:57', NULL);
INSERT INTO outbound_orders (outbound_id, product_id, outbound_type, warehouse_id, total_items, total_quantity, status, picker, packer, created_time, shipped_time) VALUES (44, 62, 'sales', 3, 1, 4, 'shipped', 3, 3, '2025-11-20 07:18:11', '2025-11-21 14:38:05');
INSERT INTO outbound_orders (outbound_id, product_id, outbound_type, warehouse_id, total_items, total_quantity, status, picker, packer, created_time, shipped_time) VALUES (45, 76, 'sales', 3, 1, 33, 'shipped', 8, 8, '2025-11-16 23:20:30', '2025-11-17 02:55:08');
INSERT INTO outbound_orders (outbound_id, product_id, outbound_type, warehouse_id, total_items, total_quantity, status, picker, packer, created_time, shipped_time) VALUES (46, 5, 'sales', 4, 1, 39, 'packing', 4, 4, '2025-11-26 04:46:49', NULL);
INSERT INTO outbound_orders (outbound_id, product_id, outbound_type, warehouse_id, total_items, total_quantity, status, picker, packer, created_time, shipped_time) VALUES (47, 98, 'sales', 5, 1, 99, 'shipped', 10, 10, '2025-11-18 09:50:25', '2025-11-18 16:58:10');
INSERT INTO outbound_orders (outbound_id, product_id, outbound_type, warehouse_id, total_items, total_quantity, status, picker, packer, created_time, shipped_time) VALUES (48, 40, 'sales', 3, 1, 40, 'shipped', 8, 8, '2025-11-30 13:02:58', '2025-12-02 09:25:04');
INSERT INTO outbound_orders (outbound_id, product_id, outbound_type, warehouse_id, total_items, total_quantity, status, picker, packer, created_time, shipped_time) VALUES (49, 37, 'sales', 2, 1, 77, 'pending', NULL, NULL, '2025-11-23 19:01:30', NULL);
INSERT INTO outbound_orders (outbound_id, product_id, outbound_type, warehouse_id, total_items, total_quantity, status, picker, packer, created_time, shipped_time) VALUES (50, 24, 'sales', 3, 1, 21, 'shipped', 48, 48, '2025-11-18 06:03:11', '2025-11-20 22:00:14');
INSERT INTO outbound_orders (outbound_id, product_id, outbound_type, warehouse_id, total_items, total_quantity, status, picker, packer, created_time, shipped_time) VALUES (51, 5, 'sales', 3, 1, 48, 'shipped', 38, 38, '2025-11-20 09:13:59', '2025-11-21 18:48:56');
INSERT INTO outbound_orders (outbound_id, product_id, outbound_type, warehouse_id, total_items, total_quantity, status, picker, packer, created_time, shipped_time) VALUES (52, 79, 'sales', 5, 1, 11, 'pending', NULL, NULL, '2025-11-25 09:03:28', NULL);
INSERT INTO outbound_orders (outbound_id, product_id, outbound_type, warehouse_id, total_items, total_quantity, status, picker, packer, created_time, shipped_time) VALUES (53, 31, 'sales', 5, 1, 71, 'shipped', 10, 10, '2025-11-26 04:22:04', '2025-11-28 06:58:53');
INSERT INTO outbound_orders (outbound_id, product_id, outbound_type, warehouse_id, total_items, total_quantity, status, picker, packer, created_time, shipped_time) VALUES (54, 76, 'sales', 1, 1, 74, 'shipped', 31, 31, '2025-11-19 06:10:09', '2025-11-20 01:01:35');
INSERT INTO outbound_orders (outbound_id, product_id, outbound_type, warehouse_id, total_items, total_quantity, status, picker, packer, created_time, shipped_time) VALUES (55, 4, 'sales', 4, 1, 69, 'shipped', 29, 29, '2025-11-21 14:41:18', '2025-11-24 11:12:19');
INSERT INTO outbound_orders (outbound_id, product_id, outbound_type, warehouse_id, total_items, total_quantity, status, picker, packer, created_time, shipped_time) VALUES (56, 54, 'sales', 3, 1, 87, 'shipped', 13, 13, '2025-11-28 21:21:56', '2025-11-29 23:49:52');
INSERT INTO outbound_orders (outbound_id, product_id, outbound_type, warehouse_id, total_items, total_quantity, status, picker, packer, created_time, shipped_time) VALUES (57, 85, 'sales', 1, 1, 22, 'shipped', 41, 41, '2025-11-20 17:00:20', '2025-11-21 21:09:02');
INSERT INTO outbound_orders (outbound_id, product_id, outbound_type, warehouse_id, total_items, total_quantity, status, picker, packer, created_time, shipped_time) VALUES (58, 15, 'sales', 2, 1, 97, 'picking', 42, NULL, '2025-11-18 16:06:04', NULL);
INSERT INTO outbound_orders (outbound_id, product_id, outbound_type, warehouse_id, total_items, total_quantity, status, picker, packer, created_time, shipped_time) VALUES (59, 76, 'sales', 2, 1, 81, 'picking', 42, NULL, '2025-11-28 11:12:10', NULL);
INSERT INTO outbound_orders (outbound_id, product_id, outbound_type, warehouse_id, total_items, total_quantity, status, picker, packer, created_time, shipped_time) VALUES (60, 58, 'sales', 4, 1, 7, 'shipped', 19, 19, '2025-11-17 17:37:58', '2025-11-19 23:28:35');
INSERT INTO outbound_orders (outbound_id, product_id, outbound_type, warehouse_id, total_items, total_quantity, status, picker, packer, created_time, shipped_time) VALUES (61, 70, 'sales', 2, 1, 78, 'shipped', 27, 27, '2025-11-20 19:46:11', '2025-11-22 11:56:30');
INSERT INTO outbound_orders (outbound_id, product_id, outbound_type, warehouse_id, total_items, total_quantity, status, picker, packer, created_time, shipped_time) VALUES (62, 67, 'sales', 3, 1, 59, 'shipped', 18, 18, '2025-11-16 23:12:21', '2025-11-17 12:49:12');
INSERT INTO outbound_orders (outbound_id, product_id, outbound_type, warehouse_id, total_items, total_quantity, status, picker, packer, created_time, shipped_time) VALUES (63, 50, 'sales', 2, 1, 11, 'packing', 7, 7, '2025-11-17 01:44:37', NULL);
INSERT INTO outbound_orders (outbound_id, product_id, outbound_type, warehouse_id, total_items, total_quantity, status, picker, packer, created_time, shipped_time) VALUES (64, 89, 'sales', 5, 1, 43, 'picking', 15, NULL, '2025-11-17 11:33:54', NULL);
INSERT INTO outbound_orders (outbound_id, product_id, outbound_type, warehouse_id, total_items, total_quantity, status, picker, packer, created_time, shipped_time) VALUES (65, 88, 'sales', 2, 1, 75, 'shipped', 12, 12, '2025-11-24 06:36:50', '2025-11-25 10:33:28');
INSERT INTO outbound_orders (outbound_id, product_id, outbound_type, warehouse_id, total_items, total_quantity, status, picker, packer, created_time, shipped_time) VALUES (66, 2, 'sales', 2, 1, 47, 'packing', 47, 47, '2025-11-20 19:11:01', NULL);
INSERT INTO outbound_orders (outbound_id, product_id, outbound_type, warehouse_id, total_items, total_quantity, status, picker, packer, created_time, shipped_time) VALUES (67, 3, 'sales', 2, 1, 48, 'packing', 32, 32, '2025-11-27 02:29:35', NULL);
INSERT INTO outbound_orders (outbound_id, product_id, outbound_type, warehouse_id, total_items, total_quantity, status, picker, packer, created_time, shipped_time) VALUES (68, 97, 'sales', 2, 1, 51, 'shipped', 17, 17, '2025-11-25 07:52:47', '2025-11-26 15:51:17');
INSERT INTO outbound_orders (outbound_id, product_id, outbound_type, warehouse_id, total_items, total_quantity, status, picker, packer, created_time, shipped_time) VALUES (69, 13, 'sales', 2, 1, 24, 'packing', 32, 32, '2025-11-24 21:50:36', NULL);
INSERT INTO outbound_orders (outbound_id, product_id, outbound_type, warehouse_id, total_items, total_quantity, status, picker, packer, created_time, shipped_time) VALUES (70, 97, 'sales', 4, 1, 9, 'pending', NULL, NULL, '2025-11-23 15:37:54', NULL);
INSERT INTO outbound_orders (outbound_id, product_id, outbound_type, warehouse_id, total_items, total_quantity, status, picker, packer, created_time, shipped_time) VALUES (71, 31, 'sales', 5, 1, 62, 'packing', 40, 40, '2025-11-22 10:46:49', NULL);
INSERT INTO outbound_orders (outbound_id, product_id, outbound_type, warehouse_id, total_items, total_quantity, status, picker, packer, created_time, shipped_time) VALUES (72, 96, 'sales', 5, 1, 33, 'shipped', 15, 15, '2025-11-25 12:31:53', '2025-11-28 12:29:25');
INSERT INTO outbound_orders (outbound_id, product_id, outbound_type, warehouse_id, total_items, total_quantity, status, picker, packer, created_time, shipped_time) VALUES (73, 4, 'sales', 5, 1, 22, 'shipped', 5, 5, '2025-11-29 10:04:45', '2025-11-29 11:52:03');
INSERT INTO outbound_orders (outbound_id, product_id, outbound_type, warehouse_id, total_items, total_quantity, status, picker, packer, created_time, shipped_time) VALUES (74, 16, 'sales', 5, 1, 52, 'packing', 35, 35, '2025-11-25 14:50:24', NULL);
INSERT INTO outbound_orders (outbound_id, product_id, outbound_type, warehouse_id, total_items, total_quantity, status, picker, packer, created_time, shipped_time) VALUES (75, 40, 'sales', 1, 1, 44, 'picking', 31, NULL, '2025-11-27 12:17:17', NULL);
INSERT INTO outbound_orders (outbound_id, product_id, outbound_type, warehouse_id, total_items, total_quantity, status, picker, packer, created_time, shipped_time) VALUES (76, 71, 'sales', 1, 1, 15, 'shipped', 36, 36, '2025-11-20 12:34:19', '2025-11-21 16:36:03');
INSERT INTO outbound_orders (outbound_id, product_id, outbound_type, warehouse_id, total_items, total_quantity, status, picker, packer, created_time, shipped_time) VALUES (77, 76, 'sales', 1, 1, 81, 'shipped', 1, 1, '2025-11-16 20:10:50', '2025-11-17 07:46:34');
INSERT INTO outbound_orders (outbound_id, product_id, outbound_type, warehouse_id, total_items, total_quantity, status, picker, packer, created_time, shipped_time) VALUES (78, 20, 'sales', 3, 1, 35, 'shipped', 23, 23, '2025-11-23 10:24:50', '2025-11-25 21:55:31');
INSERT INTO outbound_orders (outbound_id, product_id, outbound_type, warehouse_id, total_items, total_quantity, status, picker, packer, created_time, shipped_time) VALUES (79, 6, 'sales', 3, 1, 54, 'shipped', 18, 18, '2025-11-21 11:53:12', '2025-11-21 16:15:36');
INSERT INTO outbound_orders (outbound_id, product_id, outbound_type, warehouse_id, total_items, total_quantity, status, picker, packer, created_time, shipped_time) VALUES (80, 78, 'sales', 2, 1, 71, 'shipped', 42, 42, '2025-11-24 14:29:44', '2025-11-26 07:08:51');
INSERT INTO outbound_orders (outbound_id, product_id, outbound_type, warehouse_id, total_items, total_quantity, status, picker, packer, created_time, shipped_time) VALUES (81, 72, 'sales', 5, 1, 15, 'pending', NULL, NULL, '2025-11-21 03:41:39', NULL);
INSERT INTO outbound_orders (outbound_id, product_id, outbound_type, warehouse_id, total_items, total_quantity, status, picker, packer, created_time, shipped_time) VALUES (82, 63, 'sales', 3, 1, 85, 'shipped', 38, 38, '2025-11-21 17:18:05', '2025-11-23 12:28:13');
INSERT INTO outbound_orders (outbound_id, product_id, outbound_type, warehouse_id, total_items, total_quantity, status, picker, packer, created_time, shipped_time) VALUES (83, 51, 'sales', 3, 1, 67, 'packing', 3, 3, '2025-11-22 03:13:41', NULL);
INSERT INTO outbound_orders (outbound_id, product_id, outbound_type, warehouse_id, total_items, total_quantity, status, picker, packer, created_time, shipped_time) VALUES (84, 50, 'sales', 4, 1, 72, 'shipped', 4, 4, '2025-11-27 03:01:59', '2025-11-29 13:28:45');
INSERT INTO outbound_orders (outbound_id, product_id, outbound_type, warehouse_id, total_items, total_quantity, status, picker, packer, created_time, shipped_time) VALUES (85, 71, 'sales', 5, 1, 42, 'picking', 30, NULL, '2025-11-19 22:49:13', NULL);
INSERT INTO outbound_orders (outbound_id, product_id, outbound_type, warehouse_id, total_items, total_quantity, status, picker, packer, created_time, shipped_time) VALUES (86, 90, 'sales', 1, 1, 55, 'packing', 41, 41, '2025-11-20 16:36:23', NULL);
INSERT INTO outbound_orders (outbound_id, product_id, outbound_type, warehouse_id, total_items, total_quantity, status, picker, packer, created_time, shipped_time) VALUES (87, 36, 'sales', 3, 1, 12, 'picking', 18, NULL, '2025-11-22 03:20:11', NULL);
INSERT INTO outbound_orders (outbound_id, product_id, outbound_type, warehouse_id, total_items, total_quantity, status, picker, packer, created_time, shipped_time) VALUES (88, 64, 'sales', 4, 1, 45, 'packing', 44, 44, '2025-11-28 16:36:20', NULL);
INSERT INTO outbound_orders (outbound_id, product_id, outbound_type, warehouse_id, total_items, total_quantity, status, picker, packer, created_time, shipped_time) VALUES (89, 35, 'sales', 5, 1, 8, 'pending', NULL, NULL, '2025-11-22 08:40:57', NULL);
INSERT INTO outbound_orders (outbound_id, product_id, outbound_type, warehouse_id, total_items, total_quantity, status, picker, packer, created_time, shipped_time) VALUES (90, 58, 'sales', 1, 1, 98, 'pending', NULL, NULL, '2025-11-22 17:43:40', NULL);
INSERT INTO outbound_orders (outbound_id, product_id, outbound_type, warehouse_id, total_items, total_quantity, status, picker, packer, created_time, shipped_time) VALUES (91, 46, 'sales', 3, 1, 73, 'shipped', 33, 33, '2025-11-17 14:26:19', '2025-11-18 23:41:52');
INSERT INTO outbound_orders (outbound_id, product_id, outbound_type, warehouse_id, total_items, total_quantity, status, picker, packer, created_time, shipped_time) VALUES (92, 9, 'sales', 5, 1, 3, 'shipped', 40, 40, '2025-11-18 01:38:16', '2025-11-18 13:49:25');
INSERT INTO outbound_orders (outbound_id, product_id, outbound_type, warehouse_id, total_items, total_quantity, status, picker, packer, created_time, shipped_time) VALUES (93, 80, 'sales', 1, 1, 97, 'shipped', 11, 11, '2025-11-24 15:03:55', '2025-11-26 07:40:52');
INSERT INTO outbound_orders (outbound_id, product_id, outbound_type, warehouse_id, total_items, total_quantity, status, picker, packer, created_time, shipped_time) VALUES (94, 70, 'sales', 3, 1, 90, 'shipped', 23, 23, '2025-11-19 05:53:29', '2025-11-20 05:38:54');
INSERT INTO outbound_orders (outbound_id, product_id, outbound_type, warehouse_id, total_items, total_quantity, status, picker, packer, created_time, shipped_time) VALUES (95, 72, 'sales', 3, 1, 100, 'picking', 3, NULL, '2025-11-23 21:06:03', NULL);
INSERT INTO outbound_orders (outbound_id, product_id, outbound_type, warehouse_id, total_items, total_quantity, status, picker, packer, created_time, shipped_time) VALUES (96, 70, 'sales', 2, 1, 22, 'pending', NULL, NULL, '2025-11-29 22:40:39', NULL);
INSERT INTO outbound_orders (outbound_id, product_id, outbound_type, warehouse_id, total_items, total_quantity, status, picker, packer, created_time, shipped_time) VALUES (97, 20, 'sales', 4, 1, 25, 'pending', NULL, NULL, '2025-11-26 20:00:55', NULL);
INSERT INTO outbound_orders (outbound_id, product_id, outbound_type, warehouse_id, total_items, total_quantity, status, picker, packer, created_time, shipped_time) VALUES (98, 64, 'sales', 3, 1, 52, 'packing', 43, 43, '2025-11-28 06:11:50', NULL);
INSERT INTO outbound_orders (outbound_id, product_id, outbound_type, warehouse_id, total_items, total_quantity, status, picker, packer, created_time, shipped_time) VALUES (99, 5, 'sales', 3, 1, 85, 'shipped', 43, 43, '2025-11-25 19:05:00', '2025-11-28 01:05:52');
INSERT INTO outbound_orders (outbound_id, product_id, outbound_type, warehouse_id, total_items, total_quantity, status, picker, packer, created_time, shipped_time) VALUES (100, 3, 'sales', 2, 1, 32, 'picking', 32, NULL, '2025-11-18 22:20:18', NULL);
INSERT INTO outbound_orders (outbound_id, product_id, outbound_type, warehouse_id, total_items, total_quantity, status, picker, packer, created_time, shipped_time) VALUES (101, 2, 'sales', 1, 1, 41, 'shipped', 46, 46, '2025-11-29 09:22:44', '2025-12-02 03:33:07');
INSERT INTO outbound_orders (outbound_id, product_id, outbound_type, warehouse_id, total_items, total_quantity, status, picker, packer, created_time, shipped_time) VALUES (102, 68, 'sales', 1, 1, 98, 'pending', NULL, NULL, '2025-11-26 08:26:33', NULL);
INSERT INTO outbound_orders (outbound_id, product_id, outbound_type, warehouse_id, total_items, total_quantity, status, picker, packer, created_time, shipped_time) VALUES (103, 30, 'sales', 1, 1, 51, 'shipped', 21, 21, '2025-11-23 09:42:08', '2025-11-24 16:52:50');
INSERT INTO outbound_orders (outbound_id, product_id, outbound_type, warehouse_id, total_items, total_quantity, status, picker, packer, created_time, shipped_time) VALUES (104, 59, 'sales', 3, 1, 46, 'shipped', 8, 8, '2025-11-19 08:01:04', '2025-11-21 12:04:33');
INSERT INTO outbound_orders (outbound_id, product_id, outbound_type, warehouse_id, total_items, total_quantity, status, picker, packer, created_time, shipped_time) VALUES (105, 100, 'sales', 3, 1, 29, 'shipped', 43, 43, '2025-11-30 12:28:39', '2025-12-03 03:27:31');
INSERT INTO outbound_orders (outbound_id, product_id, outbound_type, warehouse_id, total_items, total_quantity, status, picker, packer, created_time, shipped_time) VALUES (106, 36, 'sales', 2, 1, 97, 'shipped', 32, 32, '2025-11-17 01:33:06', '2025-11-19 19:59:40');
INSERT INTO outbound_orders (outbound_id, product_id, outbound_type, warehouse_id, total_items, total_quantity, status, picker, packer, created_time, shipped_time) VALUES (107, 6, 'sales', 3, 1, 23, 'pending', NULL, NULL, '2025-11-25 10:19:40', NULL);
INSERT INTO outbound_orders (outbound_id, product_id, outbound_type, warehouse_id, total_items, total_quantity, status, picker, packer, created_time, shipped_time) VALUES (108, 63, 'sales', 1, 1, 5, 'shipped', 6, 6, '2025-11-20 08:09:51', '2025-11-21 23:30:12');
INSERT INTO outbound_orders (outbound_id, product_id, outbound_type, warehouse_id, total_items, total_quantity, status, picker, packer, created_time, shipped_time) VALUES (109, 27, 'sales', 5, 1, 59, 'shipped', 5, 5, '2025-11-20 02:30:16', '2025-11-22 09:03:44');
INSERT INTO outbound_orders (outbound_id, product_id, outbound_type, warehouse_id, total_items, total_quantity, status, picker, packer, created_time, shipped_time) VALUES (110, 4, 'sales', 4, 1, 19, 'shipped', 34, 34, '2025-11-25 22:28:10', '2025-11-27 09:45:24');
INSERT INTO outbound_orders (outbound_id, product_id, outbound_type, warehouse_id, total_items, total_quantity, status, picker, packer, created_time, shipped_time) VALUES (111, 53, 'sales', 5, 1, 63, 'pending', NULL, NULL, '2025-11-20 06:51:29', NULL);
INSERT INTO outbound_orders (outbound_id, product_id, outbound_type, warehouse_id, total_items, total_quantity, status, picker, packer, created_time, shipped_time) VALUES (112, 30, 'sales', 1, 1, 17, 'pending', NULL, NULL, '2025-11-24 14:08:23', NULL);
INSERT INTO outbound_orders (outbound_id, product_id, outbound_type, warehouse_id, total_items, total_quantity, status, picker, packer, created_time, shipped_time) VALUES (113, 51, 'sales', 3, 1, 84, 'shipped', 28, 28, '2025-11-25 08:21:24', '2025-11-27 08:53:43');
INSERT INTO outbound_orders (outbound_id, product_id, outbound_type, warehouse_id, total_items, total_quantity, status, picker, packer, created_time, shipped_time) VALUES (114, 84, 'sales', 2, 1, 38, 'pending', NULL, NULL, '2025-11-16 21:18:59', NULL);
INSERT INTO outbound_orders (outbound_id, product_id, outbound_type, warehouse_id, total_items, total_quantity, status, picker, packer, created_time, shipped_time) VALUES (115, 71, 'sales', 5, 1, 32, 'shipped', 20, 20, '2025-11-23 03:16:55', '2025-11-24 07:06:30');
INSERT INTO outbound_orders (outbound_id, product_id, outbound_type, warehouse_id, total_items, total_quantity, status, picker, packer, created_time, shipped_time) VALUES (116, 6, 'sales', 3, 1, 49, 'packing', 23, 23, '2025-11-20 08:57:54', NULL);
INSERT INTO outbound_orders (outbound_id, product_id, outbound_type, warehouse_id, total_items, total_quantity, status, picker, packer, created_time, shipped_time) VALUES (117, 94, 'sales', 2, 1, 91, 'pending', NULL, NULL, '2025-11-30 02:45:59', NULL);
INSERT INTO outbound_orders (outbound_id, product_id, outbound_type, warehouse_id, total_items, total_quantity, status, picker, packer, created_time, shipped_time) VALUES (118, 36, 'sales', 4, 1, 47, 'packing', 49, 49, '2025-11-30 03:05:19', NULL);
INSERT INTO outbound_orders (outbound_id, product_id, outbound_type, warehouse_id, total_items, total_quantity, status, picker, packer, created_time, shipped_time) VALUES (119, 23, 'sales', 1, 1, 19, 'pending', NULL, NULL, '2025-11-26 18:00:06', NULL);
INSERT INTO outbound_orders (outbound_id, product_id, outbound_type, warehouse_id, total_items, total_quantity, status, picker, packer, created_time, shipped_time) VALUES (120, 17, 'sales', 5, 1, 18, 'shipped', 50, 50, '2025-11-25 07:23:25', '2025-11-27 20:45:00');
INSERT INTO outbound_orders (outbound_id, product_id, outbound_type, warehouse_id, total_items, total_quantity, status, picker, packer, created_time, shipped_time) VALUES (121, 5, 'sales', 3, 1, 46, 'shipped', 18, 18, '2025-11-21 15:36:44', '2025-11-22 18:55:30');
INSERT INTO outbound_orders (outbound_id, product_id, outbound_type, warehouse_id, total_items, total_quantity, status, picker, packer, created_time, shipped_time) VALUES (122, 67, 'sales', 3, 1, 85, 'shipped', 23, 23, '2025-11-23 21:35:08', '2025-11-24 20:30:38');
INSERT INTO outbound_orders (outbound_id, product_id, outbound_type, warehouse_id, total_items, total_quantity, status, picker, packer, created_time, shipped_time) VALUES (123, 27, 'sales', 3, 1, 14, 'packing', 8, 8, '2025-11-18 05:33:24', NULL);
INSERT INTO outbound_orders (outbound_id, product_id, outbound_type, warehouse_id, total_items, total_quantity, status, picker, packer, created_time, shipped_time) VALUES (124, 50, 'sales', 5, 1, 8, 'picking', 50, NULL, '2025-11-28 18:53:53', NULL);
INSERT INTO outbound_orders (outbound_id, product_id, outbound_type, warehouse_id, total_items, total_quantity, status, picker, packer, created_time, shipped_time) VALUES (125, 6, 'sales', 2, 1, 47, 'shipped', 17, 17, '2025-11-25 01:44:31', '2025-11-27 12:05:26');
INSERT INTO outbound_orders (outbound_id, product_id, outbound_type, warehouse_id, total_items, total_quantity, status, picker, packer, created_time, shipped_time) VALUES (126, 56, 'sales', 5, 1, 82, 'shipped', 15, 15, '2025-11-27 16:57:33', '2025-11-30 12:15:48');
INSERT INTO outbound_orders (outbound_id, product_id, outbound_type, warehouse_id, total_items, total_quantity, status, picker, packer, created_time, shipped_time) VALUES (127, 2, 'sales', 2, 1, 75, 'shipped', 2, 2, '2025-11-21 00:58:43', '2025-11-22 23:02:42');
INSERT INTO outbound_orders (outbound_id, product_id, outbound_type, warehouse_id, total_items, total_quantity, status, picker, packer, created_time, shipped_time) VALUES (128, 13, 'sales', 2, 1, 39, 'shipped', 22, 22, '2025-11-20 21:50:00', '2025-11-23 06:15:28');
INSERT INTO outbound_orders (outbound_id, product_id, outbound_type, warehouse_id, total_items, total_quantity, status, picker, packer, created_time, shipped_time) VALUES (129, 19, 'sales', 3, 1, 46, 'shipped', 18, 18, '2025-11-29 06:17:46', '2025-12-01 05:38:29');
INSERT INTO outbound_orders (outbound_id, product_id, outbound_type, warehouse_id, total_items, total_quantity, status, picker, packer, created_time, shipped_time) VALUES (130, 77, 'sales', 5, 1, 50, 'picking', 10, NULL, '2025-11-17 10:29:19', NULL);
INSERT INTO outbound_orders (outbound_id, product_id, outbound_type, warehouse_id, total_items, total_quantity, status, picker, packer, created_time, shipped_time) VALUES (131, 12, 'sales', 4, 1, 14, 'pending', NULL, NULL, '2025-11-18 23:22:47', NULL);
INSERT INTO outbound_orders (outbound_id, product_id, outbound_type, warehouse_id, total_items, total_quantity, status, picker, packer, created_time, shipped_time) VALUES (132, 5, 'sales', 3, 1, 23, 'shipped', 28, 28, '2025-11-29 18:13:23', '2025-12-01 18:05:48');
INSERT INTO outbound_orders (outbound_id, product_id, outbound_type, warehouse_id, total_items, total_quantity, status, picker, packer, created_time, shipped_time) VALUES (133, 17, 'sales', 4, 1, 53, 'packing', 19, 19, '2025-11-26 20:52:25', NULL);
INSERT INTO outbound_orders (outbound_id, product_id, outbound_type, warehouse_id, total_items, total_quantity, status, picker, packer, created_time, shipped_time) VALUES (134, 13, 'sales', 2, 1, 81, 'pending', NULL, NULL, '2025-11-19 17:00:16', NULL);
INSERT INTO outbound_orders (outbound_id, product_id, outbound_type, warehouse_id, total_items, total_quantity, status, picker, packer, created_time, shipped_time) VALUES (135, 95, 'sales', 1, 1, 76, 'pending', NULL, NULL, '2025-11-29 15:07:38', NULL);
INSERT INTO outbound_orders (outbound_id, product_id, outbound_type, warehouse_id, total_items, total_quantity, status, picker, packer, created_time, shipped_time) VALUES (136, 29, 'sales', 2, 1, 85, 'pending', NULL, NULL, '2025-11-16 22:01:05', NULL);
INSERT INTO outbound_orders (outbound_id, product_id, outbound_type, warehouse_id, total_items, total_quantity, status, picker, packer, created_time, shipped_time) VALUES (137, 21, 'sales', 4, 1, 92, 'shipped', 4, 4, '2025-11-27 17:56:26', '2025-11-28 17:24:17');
INSERT INTO outbound_orders (outbound_id, product_id, outbound_type, warehouse_id, total_items, total_quantity, status, picker, packer, created_time, shipped_time) VALUES (138, 71, 'sales', 5, 1, 71, 'picking', 35, NULL, '2025-11-23 22:46:17', NULL);
INSERT INTO outbound_orders (outbound_id, product_id, outbound_type, warehouse_id, total_items, total_quantity, status, picker, packer, created_time, shipped_time) VALUES (139, 58, 'sales', 4, 1, 43, 'shipped', 9, 9, '2025-11-21 03:46:31', '2025-11-23 02:05:05');
INSERT INTO outbound_orders (outbound_id, product_id, outbound_type, warehouse_id, total_items, total_quantity, status, picker, packer, created_time, shipped_time) VALUES (140, 28, 'sales', 5, 1, 70, 'shipped', 35, 35, '2025-11-20 13:06:56', '2025-11-23 06:30:07');
INSERT INTO outbound_orders (outbound_id, product_id, outbound_type, warehouse_id, total_items, total_quantity, status, picker, packer, created_time, shipped_time) VALUES (141, 84, 'sales', 1, 1, 43, 'picking', 16, NULL, '2025-11-25 04:43:24', NULL);
INSERT INTO outbound_orders (outbound_id, product_id, outbound_type, warehouse_id, total_items, total_quantity, status, picker, packer, created_time, shipped_time) VALUES (142, 94, 'sales', 5, 1, 70, 'pending', NULL, NULL, '2025-11-28 11:46:29', NULL);
INSERT INTO outbound_orders (outbound_id, product_id, outbound_type, warehouse_id, total_items, total_quantity, status, picker, packer, created_time, shipped_time) VALUES (143, 76, 'sales', 3, 1, 87, 'pending', NULL, NULL, '2025-11-22 03:41:05', NULL);
INSERT INTO outbound_orders (outbound_id, product_id, outbound_type, warehouse_id, total_items, total_quantity, status, picker, packer, created_time, shipped_time) VALUES (144, 85, 'sales', 1, 1, 21, 'packing', 46, 46, '2025-11-22 21:50:52', NULL);
INSERT INTO outbound_orders (outbound_id, product_id, outbound_type, warehouse_id, total_items, total_quantity, status, picker, packer, created_time, shipped_time) VALUES (145, 78, 'sales', 1, 1, 4, 'shipped', 36, 36, '2025-11-25 15:52:41', '2025-11-26 01:37:35');
INSERT INTO outbound_orders (outbound_id, product_id, outbound_type, warehouse_id, total_items, total_quantity, status, picker, packer, created_time, shipped_time) VALUES (146, 12, 'sales', 4, 1, 88, 'packing', 29, 29, '2025-11-22 05:06:25', NULL);
INSERT INTO outbound_orders (outbound_id, product_id, outbound_type, warehouse_id, total_items, total_quantity, status, picker, packer, created_time, shipped_time) VALUES (147, 97, 'sales', 4, 1, 3, 'shipped', 19, 19, '2025-11-17 21:31:39', '2025-11-19 06:59:02');
INSERT INTO outbound_orders (outbound_id, product_id, outbound_type, warehouse_id, total_items, total_quantity, status, picker, packer, created_time, shipped_time) VALUES (148, 93, 'sales', 1, 1, 71, 'packing', 26, 26, '2025-11-26 01:21:56', NULL);
INSERT INTO outbound_orders (outbound_id, product_id, outbound_type, warehouse_id, total_items, total_quantity, status, picker, packer, created_time, shipped_time) VALUES (149, 59, 'sales', 5, 1, 81, 'packing', 30, 30, '2025-11-18 21:09:27', NULL);
INSERT INTO outbound_orders (outbound_id, product_id, outbound_type, warehouse_id, total_items, total_quantity, status, picker, packer, created_time, shipped_time) VALUES (150, 1, 'sales', 1, 1, 47, 'shipped', 31, 31, '2025-11-23 15:24:53', '2025-11-24 13:27:21');
INSERT INTO outbound_orders (outbound_id, product_id, outbound_type, warehouse_id, total_items, total_quantity, status, picker, packer, created_time, shipped_time) VALUES (151, 77, 'sales', 5, 1, 15, 'pending', NULL, NULL, '2025-11-21 22:19:39', NULL);
INSERT INTO outbound_orders (outbound_id, product_id, outbound_type, warehouse_id, total_items, total_quantity, status, picker, packer, created_time, shipped_time) VALUES (152, 62, 'sales', 3, 1, 40, 'pending', NULL, NULL, '2025-11-17 15:46:03', NULL);
INSERT INTO outbound_orders (outbound_id, product_id, outbound_type, warehouse_id, total_items, total_quantity, status, picker, packer, created_time, shipped_time) VALUES (153, 89, 'sales', 5, 1, 25, 'pending', NULL, NULL, '2025-11-26 04:06:16', NULL);
INSERT INTO outbound_orders (outbound_id, product_id, outbound_type, warehouse_id, total_items, total_quantity, status, picker, packer, created_time, shipped_time) VALUES (154, 19, 'sales', 3, 1, 43, 'picking', 8, NULL, '2025-11-22 11:52:15', NULL);
INSERT INTO outbound_orders (outbound_id, product_id, outbound_type, warehouse_id, total_items, total_quantity, status, picker, packer, created_time, shipped_time) VALUES (155, 88, 'sales', 3, 1, 19, 'shipped', 13, 13, '2025-11-23 02:42:22', '2025-11-25 16:59:25');
INSERT INTO outbound_orders (outbound_id, product_id, outbound_type, warehouse_id, total_items, total_quantity, status, picker, packer, created_time, shipped_time) VALUES (156, 85, 'sales', 1, 1, 65, 'shipped', 21, 21, '2025-11-27 17:16:36', '2025-11-29 01:14:50');
INSERT INTO outbound_orders (outbound_id, product_id, outbound_type, warehouse_id, total_items, total_quantity, status, picker, packer, created_time, shipped_time) VALUES (157, 50, 'sales', 5, 1, 38, 'packing', 15, 15, '2025-11-17 23:07:52', NULL);
INSERT INTO outbound_orders (outbound_id, product_id, outbound_type, warehouse_id, total_items, total_quantity, status, picker, packer, created_time, shipped_time) VALUES (158, 67, 'sales', 4, 1, 81, 'shipped', 19, 19, '2025-11-22 19:00:44', '2025-11-24 06:32:25');
INSERT INTO outbound_orders (outbound_id, product_id, outbound_type, warehouse_id, total_items, total_quantity, status, picker, packer, created_time, shipped_time) VALUES (159, 21, 'sales', 4, 1, 83, 'shipped', 49, 49, '2025-11-19 15:49:28', '2025-11-20 21:48:03');
INSERT INTO outbound_orders (outbound_id, product_id, outbound_type, warehouse_id, total_items, total_quantity, status, picker, packer, created_time, shipped_time) VALUES (160, 6, 'sales', 1, 1, 2, 'shipped', 41, 41, '2025-11-17 16:33:48', '2025-11-19 09:41:56');
INSERT INTO outbound_orders (outbound_id, product_id, outbound_type, warehouse_id, total_items, total_quantity, status, picker, packer, created_time, shipped_time) VALUES (161, 9, 'sales', 5, 1, 40, 'shipped', 45, 45, '2025-11-26 13:09:47', '2025-11-27 12:43:17');
INSERT INTO outbound_orders (outbound_id, product_id, outbound_type, warehouse_id, total_items, total_quantity, status, picker, packer, created_time, shipped_time) VALUES (162, 67, 'sales', 3, 1, 78, 'shipped', 38, 38, '2025-11-23 15:47:09', '2025-11-26 03:24:21');
INSERT INTO outbound_orders (outbound_id, product_id, outbound_type, warehouse_id, total_items, total_quantity, status, picker, packer, created_time, shipped_time) VALUES (163, 72, 'sales', 3, 1, 16, 'picking', 48, NULL, '2025-11-27 16:48:51', NULL);
INSERT INTO outbound_orders (outbound_id, product_id, outbound_type, warehouse_id, total_items, total_quantity, status, picker, packer, created_time, shipped_time) VALUES (164, 50, 'sales', 4, 1, 70, 'shipped', 14, 14, '2025-11-25 03:51:45', '2025-11-27 10:27:08');
INSERT INTO outbound_orders (outbound_id, product_id, outbound_type, warehouse_id, total_items, total_quantity, status, picker, packer, created_time, shipped_time) VALUES (165, 57, 'sales', 3, 1, 49, 'pending', NULL, NULL, '2025-11-21 03:37:58', NULL);
INSERT INTO outbound_orders (outbound_id, product_id, outbound_type, warehouse_id, total_items, total_quantity, status, picker, packer, created_time, shipped_time) VALUES (166, 15, 'sales', 2, 1, 24, 'packing', 2, 2, '2025-11-21 17:35:10', NULL);
INSERT INTO outbound_orders (outbound_id, product_id, outbound_type, warehouse_id, total_items, total_quantity, status, picker, packer, created_time, shipped_time) VALUES (167, 62, 'sales', 3, 1, 39, 'picking', 8, NULL, '2025-11-24 05:19:05', NULL);
INSERT INTO outbound_orders (outbound_id, product_id, outbound_type, warehouse_id, total_items, total_quantity, status, picker, packer, created_time, shipped_time) VALUES (168, 9, 'sales', 5, 1, 33, 'picking', 25, NULL, '2025-11-29 20:48:29', NULL);
INSERT INTO outbound_orders (outbound_id, product_id, outbound_type, warehouse_id, total_items, total_quantity, status, picker, packer, created_time, shipped_time) VALUES (169, 35, 'sales', 1, 1, 48, 'pending', NULL, NULL, '2025-11-17 15:03:12', NULL);
INSERT INTO outbound_orders (outbound_id, product_id, outbound_type, warehouse_id, total_items, total_quantity, status, picker, packer, created_time, shipped_time) VALUES (170, 49, 'sales', 1, 1, 79, 'shipped', 1, 1, '2025-11-24 08:45:40', '2025-11-25 21:08:03');
INSERT INTO outbound_orders (outbound_id, product_id, outbound_type, warehouse_id, total_items, total_quantity, status, picker, packer, created_time, shipped_time) VALUES (171, 88, 'sales', 3, 1, 51, 'packing', 3, 3, '2025-11-28 05:07:00', NULL);
INSERT INTO outbound_orders (outbound_id, product_id, outbound_type, warehouse_id, total_items, total_quantity, status, picker, packer, created_time, shipped_time) VALUES (172, 41, 'sales', 2, 1, 45, 'pending', NULL, NULL, '2025-11-17 08:15:43', NULL);
INSERT INTO outbound_orders (outbound_id, product_id, outbound_type, warehouse_id, total_items, total_quantity, status, picker, packer, created_time, shipped_time) VALUES (173, 17, 'sales', 4, 1, 60, 'shipped', 44, 44, '2025-11-21 06:53:09', '2025-11-23 21:23:10');
INSERT INTO outbound_orders (outbound_id, product_id, outbound_type, warehouse_id, total_items, total_quantity, status, picker, packer, created_time, shipped_time) VALUES (174, 6, 'sales', 5, 1, 99, 'shipped', 20, 20, '2025-11-27 10:13:01', '2025-11-30 05:55:21');
INSERT INTO outbound_orders (outbound_id, product_id, outbound_type, warehouse_id, total_items, total_quantity, status, picker, packer, created_time, shipped_time) VALUES (175, 60, 'sales', 5, 1, 78, 'pending', NULL, NULL, '2025-11-18 01:58:12', NULL);
INSERT INTO outbound_orders (outbound_id, product_id, outbound_type, warehouse_id, total_items, total_quantity, status, picker, packer, created_time, shipped_time) VALUES (176, 60, 'sales', 1, 1, 32, 'shipped', 21, 21, '2025-11-20 09:09:26', '2025-11-23 08:17:45');
INSERT INTO outbound_orders (outbound_id, product_id, outbound_type, warehouse_id, total_items, total_quantity, status, picker, packer, created_time, shipped_time) VALUES (177, 20, 'sales', 1, 1, 38, 'shipped', 41, 41, '2025-11-18 09:19:23', '2025-11-18 18:15:41');
INSERT INTO outbound_orders (outbound_id, product_id, outbound_type, warehouse_id, total_items, total_quantity, status, picker, packer, created_time, shipped_time) VALUES (178, 13, 'sales', 2, 1, 99, 'shipped', 12, 12, '2025-11-30 02:14:36', '2025-12-02 03:49:40');
INSERT INTO outbound_orders (outbound_id, product_id, outbound_type, warehouse_id, total_items, total_quantity, status, picker, packer, created_time, shipped_time) VALUES (179, 95, 'sales', 5, 1, 92, 'shipped', 45, 45, '2025-11-26 17:28:46', '2025-11-27 22:49:42');
INSERT INTO outbound_orders (outbound_id, product_id, outbound_type, warehouse_id, total_items, total_quantity, status, picker, packer, created_time, shipped_time) VALUES (180, 76, 'sales', 1, 1, 91, 'shipped', 36, 36, '2025-11-27 14:01:59', '2025-11-30 00:49:46');
INSERT INTO outbound_orders (outbound_id, product_id, outbound_type, warehouse_id, total_items, total_quantity, status, picker, packer, created_time, shipped_time) VALUES (181, 95, 'sales', 2, 1, 59, 'picking', 37, NULL, '2025-11-30 08:00:52', NULL);
INSERT INTO outbound_orders (outbound_id, product_id, outbound_type, warehouse_id, total_items, total_quantity, status, picker, packer, created_time, shipped_time) VALUES (182, 71, 'sales', 5, 1, 25, 'packing', 50, 50, '2025-11-22 17:39:00', NULL);
INSERT INTO outbound_orders (outbound_id, product_id, outbound_type, warehouse_id, total_items, total_quantity, status, picker, packer, created_time, shipped_time) VALUES (183, 94, 'sales', 5, 1, 87, 'shipped', 25, 25, '2025-11-20 19:29:25', '2025-11-23 02:02:40');
INSERT INTO outbound_orders (outbound_id, product_id, outbound_type, warehouse_id, total_items, total_quantity, status, picker, packer, created_time, shipped_time) VALUES (184, 17, 'sales', 4, 1, 59, 'shipped', 34, 34, '2025-11-16 22:18:42', '2025-11-19 08:47:40');
INSERT INTO outbound_orders (outbound_id, product_id, outbound_type, warehouse_id, total_items, total_quantity, status, picker, packer, created_time, shipped_time) VALUES (185, 20, 'sales', 4, 1, 40, 'shipped', 4, 4, '2025-11-26 04:18:27', '2025-11-27 11:44:57');
INSERT INTO outbound_orders (outbound_id, product_id, outbound_type, warehouse_id, total_items, total_quantity, status, picker, packer, created_time, shipped_time) VALUES (186, 96, 'sales', 2, 1, 8, 'shipped', 2, 2, '2025-11-17 10:18:59', '2025-11-18 07:52:59');
INSERT INTO outbound_orders (outbound_id, product_id, outbound_type, warehouse_id, total_items, total_quantity, status, picker, packer, created_time, shipped_time) VALUES (187, 17, 'sales', 5, 1, 12, 'pending', NULL, NULL, '2025-11-27 12:01:44', NULL);
INSERT INTO outbound_orders (outbound_id, product_id, outbound_type, warehouse_id, total_items, total_quantity, status, picker, packer, created_time, shipped_time) VALUES (188, 20, 'sales', 3, 1, 69, 'picking', 13, NULL, '2025-11-25 21:19:01', NULL);
INSERT INTO outbound_orders (outbound_id, product_id, outbound_type, warehouse_id, total_items, total_quantity, status, picker, packer, created_time, shipped_time) VALUES (189, 89, 'sales', 5, 1, 66, 'shipped', 20, 20, '2025-11-29 00:17:27', '2025-12-01 06:06:40');
INSERT INTO outbound_orders (outbound_id, product_id, outbound_type, warehouse_id, total_items, total_quantity, status, picker, packer, created_time, shipped_time) VALUES (190, 4, 'sales', 4, 1, 75, 'shipped', 4, 4, '2025-11-26 01:21:14', '2025-11-28 08:18:34');
INSERT INTO outbound_orders (outbound_id, product_id, outbound_type, warehouse_id, total_items, total_quantity, status, picker, packer, created_time, shipped_time) VALUES (191, 10, 'sales', 1, 1, 25, 'picking', 26, NULL, '2025-11-28 18:31:10', NULL);
INSERT INTO outbound_orders (outbound_id, product_id, outbound_type, warehouse_id, total_items, total_quantity, status, picker, packer, created_time, shipped_time) VALUES (192, 70, 'sales', 2, 1, 62, 'shipped', 7, 7, '2025-11-26 12:04:36', '2025-11-26 19:54:13');
INSERT INTO outbound_orders (outbound_id, product_id, outbound_type, warehouse_id, total_items, total_quantity, status, picker, packer, created_time, shipped_time) VALUES (193, 58, 'sales', 1, 1, 28, 'picking', 1, NULL, '2025-11-25 00:10:24', NULL);
INSERT INTO outbound_orders (outbound_id, product_id, outbound_type, warehouse_id, total_items, total_quantity, status, picker, packer, created_time, shipped_time) VALUES (194, 58, 'sales', 4, 1, 1, 'picking', 9, NULL, '2025-11-24 02:38:08', NULL);
INSERT INTO outbound_orders (outbound_id, product_id, outbound_type, warehouse_id, total_items, total_quantity, status, picker, packer, created_time, shipped_time) VALUES (195, 6, 'sales', 5, 1, 63, 'shipped', 15, 15, '2025-11-25 13:24:04', '2025-11-27 05:21:22');
INSERT INTO outbound_orders (outbound_id, product_id, outbound_type, warehouse_id, total_items, total_quantity, status, picker, packer, created_time, shipped_time) VALUES (196, 78, 'sales', 2, 1, 97, 'pending', NULL, NULL, '2025-11-22 02:51:33', NULL);
INSERT INTO outbound_orders (outbound_id, product_id, outbound_type, warehouse_id, total_items, total_quantity, status, picker, packer, created_time, shipped_time) VALUES (197, 50, 'sales', 5, 1, 93, 'pending', NULL, NULL, '2025-11-26 19:28:53', NULL);
INSERT INTO outbound_orders (outbound_id, product_id, outbound_type, warehouse_id, total_items, total_quantity, status, picker, packer, created_time, shipped_time) VALUES (198, 82, 'sales', 4, 1, 65, 'shipped', 49, 49, '2025-11-28 23:58:52', '2025-12-01 09:44:15');
INSERT INTO outbound_orders (outbound_id, product_id, outbound_type, warehouse_id, total_items, total_quantity, status, picker, packer, created_time, shipped_time) VALUES (199, 62, 'sales', 5, 1, 85, 'shipped', 10, 10, '2025-11-19 08:36:49', '2025-11-20 21:20:19');
INSERT INTO outbound_orders (outbound_id, product_id, outbound_type, warehouse_id, total_items, total_quantity, status, picker, packer, created_time, shipped_time) VALUES (200, 40, 'sales', 3, 1, 93, 'pending', NULL, NULL, '2025-11-21 23:02:19', NULL);
INSERT INTO outbound_orders (outbound_id, product_id, outbound_type, warehouse_id, total_items, total_quantity, status, picker, packer, created_time, shipped_time) VALUES (201, 93, 'sales', 1, 1, 84, 'pending', NULL, NULL, '2025-11-25 18:49:31', NULL);
INSERT INTO outbound_orders (outbound_id, product_id, outbound_type, warehouse_id, total_items, total_quantity, status, picker, packer, created_time, shipped_time) VALUES (202, 77, 'sales', 4, 1, 56, 'picking', 34, NULL, '2025-11-18 21:58:59', NULL);
INSERT INTO outbound_orders (outbound_id, product_id, outbound_type, warehouse_id, total_items, total_quantity, status, picker, packer, created_time, shipped_time) VALUES (203, 60, 'sales', 1, 1, 83, 'pending', NULL, NULL, '2025-11-24 20:28:26', NULL);
INSERT INTO outbound_orders (outbound_id, product_id, outbound_type, warehouse_id, total_items, total_quantity, status, picker, packer, created_time, shipped_time) VALUES (204, 4, 'sales', 4, 1, 63, 'shipped', 49, 49, '2025-11-27 05:26:35', '2025-11-27 21:04:15');
INSERT INTO outbound_orders (outbound_id, product_id, outbound_type, warehouse_id, total_items, total_quantity, status, picker, packer, created_time, shipped_time) VALUES (205, 3, 'sales', 2, 1, 16, 'picking', 17, NULL, '2025-11-24 17:33:20', NULL);
INSERT INTO outbound_orders (outbound_id, product_id, outbound_type, warehouse_id, total_items, total_quantity, status, picker, packer, created_time, shipped_time) VALUES (206, 50, 'sales', 4, 1, 95, 'shipped', 14, 14, '2025-11-20 19:10:20', '2025-11-21 05:46:57');
INSERT INTO outbound_orders (outbound_id, product_id, outbound_type, warehouse_id, total_items, total_quantity, status, picker, packer, created_time, shipped_time) VALUES (207, 49, 'sales', 1, 1, 97, 'shipped', 1, 1, '2025-11-23 01:43:51', '2025-11-25 17:49:33');
INSERT INTO outbound_orders (outbound_id, product_id, outbound_type, warehouse_id, total_items, total_quantity, status, picker, packer, created_time, shipped_time) VALUES (208, 17, 'sales', 4, 1, 21, 'shipped', 49, 49, '2025-11-17 07:58:35', '2025-11-18 06:10:37');
INSERT INTO outbound_orders (outbound_id, product_id, outbound_type, warehouse_id, total_items, total_quantity, status, picker, packer, created_time, shipped_time) VALUES (209, 50, 'sales', 5, 1, 65, 'shipped', 15, 15, '2025-11-25 07:58:39', '2025-11-26 11:38:11');
INSERT INTO outbound_orders (outbound_id, product_id, outbound_type, warehouse_id, total_items, total_quantity, status, picker, packer, created_time, shipped_time) VALUES (210, 40, 'sales', 3, 1, 4, 'shipped', 18, 18, '2025-11-26 05:22:21', '2025-11-26 21:08:50');
INSERT INTO outbound_orders (outbound_id, product_id, outbound_type, warehouse_id, total_items, total_quantity, status, picker, packer, created_time, shipped_time) VALUES (211, 97, 'sales', 4, 1, 55, 'packing', 39, 39, '2025-11-24 06:50:19', NULL);
INSERT INTO outbound_orders (outbound_id, product_id, outbound_type, warehouse_id, total_items, total_quantity, status, picker, packer, created_time, shipped_time) VALUES (212, 95, 'sales', 5, 1, 69, 'shipped', 15, 15, '2025-11-23 01:02:20', '2025-11-23 08:16:28');
INSERT INTO outbound_orders (outbound_id, product_id, outbound_type, warehouse_id, total_items, total_quantity, status, picker, packer, created_time, shipped_time) VALUES (213, 88, 'sales', 3, 1, 44, 'picking', 28, NULL, '2025-11-19 05:23:48', NULL);
INSERT INTO outbound_orders (outbound_id, product_id, outbound_type, warehouse_id, total_items, total_quantity, status, picker, packer, created_time, shipped_time) VALUES (214, 40, 'sales', 3, 1, 7, 'packing', 8, 8, '2025-11-29 00:17:56', NULL);
INSERT INTO outbound_orders (outbound_id, product_id, outbound_type, warehouse_id, total_items, total_quantity, status, picker, packer, created_time, shipped_time) VALUES (215, 94, 'sales', 2, 1, 96, 'packing', 47, 47, '2025-11-21 22:53:36', NULL);
INSERT INTO outbound_orders (outbound_id, product_id, outbound_type, warehouse_id, total_items, total_quantity, status, picker, packer, created_time, shipped_time) VALUES (216, 30, 'sales', 4, 1, 71, 'shipped', 19, 19, '2025-11-19 05:25:06', '2025-11-19 19:04:14');
INSERT INTO outbound_orders (outbound_id, product_id, outbound_type, warehouse_id, total_items, total_quantity, status, picker, packer, created_time, shipped_time) VALUES (217, 59, 'sales', 3, 1, 76, 'packing', 38, 38, '2025-11-18 04:43:38', NULL);
INSERT INTO outbound_orders (outbound_id, product_id, outbound_type, warehouse_id, total_items, total_quantity, status, picker, packer, created_time, shipped_time) VALUES (218, 93, 'sales', 1, 1, 89, 'picking', 31, NULL, '2025-11-19 17:26:50', NULL);
INSERT INTO outbound_orders (outbound_id, product_id, outbound_type, warehouse_id, total_items, total_quantity, status, picker, packer, created_time, shipped_time) VALUES (219, 78, 'sales', 2, 1, 16, 'packing', 27, 27, '2025-11-25 10:19:45', NULL);
INSERT INTO outbound_orders (outbound_id, product_id, outbound_type, warehouse_id, total_items, total_quantity, status, picker, packer, created_time, shipped_time) VALUES (220, 58, 'sales', 5, 1, 6, 'pending', NULL, NULL, '2025-11-17 09:18:46', NULL);
INSERT INTO outbound_orders (outbound_id, product_id, outbound_type, warehouse_id, total_items, total_quantity, status, picker, packer, created_time, shipped_time) VALUES (221, 71, 'sales', 5, 1, 11, 'shipped', 25, 25, '2025-11-19 13:52:42', '2025-11-20 23:01:31');
INSERT INTO outbound_orders (outbound_id, product_id, outbound_type, warehouse_id, total_items, total_quantity, status, picker, packer, created_time, shipped_time) VALUES (222, 82, 'sales', 4, 1, 31, 'shipped', 24, 24, '2025-11-16 20:52:44', '2025-11-19 01:56:17');
INSERT INTO outbound_orders (outbound_id, product_id, outbound_type, warehouse_id, total_items, total_quantity, status, picker, packer, created_time, shipped_time) VALUES (223, 1, 'sales', 1, 1, 45, 'shipped', 1, 1, '2025-11-18 13:23:18', '2025-11-20 00:29:41');
INSERT INTO outbound_orders (outbound_id, product_id, outbound_type, warehouse_id, total_items, total_quantity, status, picker, packer, created_time, shipped_time) VALUES (224, 98, 'sales', 5, 1, 88, 'shipped', 30, 30, '2025-11-24 17:36:02', '2025-11-25 00:15:36');
INSERT INTO outbound_orders (outbound_id, product_id, outbound_type, warehouse_id, total_items, total_quantity, status, picker, packer, created_time, shipped_time) VALUES (225, 9, 'sales', 2, 1, 96, 'shipped', 27, 27, '2025-11-18 06:17:09', '2025-11-19 10:58:22');
INSERT INTO outbound_orders (outbound_id, product_id, outbound_type, warehouse_id, total_items, total_quantity, status, picker, packer, created_time, shipped_time) VALUES (226, 90, 'sales', 4, 1, 18, 'pending', NULL, NULL, '2025-11-28 08:25:44', NULL);
INSERT INTO outbound_orders (outbound_id, product_id, outbound_type, warehouse_id, total_items, total_quantity, status, picker, packer, created_time, shipped_time) VALUES (227, 36, 'sales', 4, 1, 53, 'pending', NULL, NULL, '2025-11-20 02:56:30', NULL);
INSERT INTO outbound_orders (outbound_id, product_id, outbound_type, warehouse_id, total_items, total_quantity, status, picker, packer, created_time, shipped_time) VALUES (228, 20, 'sales', 1, 1, 100, 'shipped', 1, 1, '2025-11-30 03:54:31', '2025-11-30 13:04:55');
INSERT INTO outbound_orders (outbound_id, product_id, outbound_type, warehouse_id, total_items, total_quantity, status, picker, packer, created_time, shipped_time) VALUES (229, 78, 'sales', 2, 1, 54, 'shipped', 12, 12, '2025-11-22 10:21:59', '2025-11-24 13:56:01');
INSERT INTO outbound_orders (outbound_id, product_id, outbound_type, warehouse_id, total_items, total_quantity, status, picker, packer, created_time, shipped_time) VALUES (230, 72, 'sales', 3, 1, 6, 'picking', 43, NULL, '2025-11-26 17:54:13', NULL);
INSERT INTO outbound_orders (outbound_id, product_id, outbound_type, warehouse_id, total_items, total_quantity, status, picker, packer, created_time, shipped_time) VALUES (231, 57, 'sales', 3, 1, 33, 'shipped', 3, 3, '2025-11-29 23:54:42', '2025-12-02 10:18:03');
INSERT INTO outbound_orders (outbound_id, product_id, outbound_type, warehouse_id, total_items, total_quantity, status, picker, packer, created_time, shipped_time) VALUES (232, 20, 'sales', 4, 1, 77, 'shipped', 34, 34, '2025-11-22 17:33:45', '2025-11-25 16:58:05');
INSERT INTO outbound_orders (outbound_id, product_id, outbound_type, warehouse_id, total_items, total_quantity, status, picker, packer, created_time, shipped_time) VALUES (233, 5, 'sales', 2, 1, 20, 'pending', NULL, NULL, '2025-11-29 19:33:25', NULL);
INSERT INTO outbound_orders (outbound_id, product_id, outbound_type, warehouse_id, total_items, total_quantity, status, picker, packer, created_time, shipped_time) VALUES (234, 29, 'sales', 2, 1, 26, 'pending', NULL, NULL, '2025-11-23 16:22:47', NULL);
INSERT INTO outbound_orders (outbound_id, product_id, outbound_type, warehouse_id, total_items, total_quantity, status, picker, packer, created_time, shipped_time) VALUES (235, 50, 'sales', 5, 1, 3, 'shipped', 45, 45, '2025-11-19 18:54:05', '2025-11-22 07:21:37');
INSERT INTO outbound_orders (outbound_id, product_id, outbound_type, warehouse_id, total_items, total_quantity, status, picker, packer, created_time, shipped_time) VALUES (236, 25, 'sales', 2, 1, 47, 'shipped', 32, 32, '2025-11-22 11:09:42', '2025-11-23 14:39:08');
INSERT INTO outbound_orders (outbound_id, product_id, outbound_type, warehouse_id, total_items, total_quantity, status, picker, packer, created_time, shipped_time) VALUES (237, 40, 'sales', 3, 1, 48, 'picking', 23, NULL, '2025-11-30 15:13:57', NULL);
INSERT INTO outbound_orders (outbound_id, product_id, outbound_type, warehouse_id, total_items, total_quantity, status, picker, packer, created_time, shipped_time) VALUES (238, 78, 'sales', 1, 1, 81, 'pending', NULL, NULL, '2025-11-28 11:58:52', NULL);
INSERT INTO outbound_orders (outbound_id, product_id, outbound_type, warehouse_id, total_items, total_quantity, status, picker, packer, created_time, shipped_time) VALUES (239, 51, 'sales', 2, 1, 55, 'shipped', 27, 27, '2025-11-28 09:14:42', '2025-11-29 06:01:47');
INSERT INTO outbound_orders (outbound_id, product_id, outbound_type, warehouse_id, total_items, total_quantity, status, picker, packer, created_time, shipped_time) VALUES (240, 61, 'sales', 2, 1, 24, 'pending', NULL, NULL, '2025-11-24 22:40:29', NULL);
INSERT INTO outbound_orders (outbound_id, product_id, outbound_type, warehouse_id, total_items, total_quantity, status, picker, packer, created_time, shipped_time) VALUES (241, 59, 'sales', 5, 1, 19, 'picking', 50, NULL, '2025-11-30 09:31:20', NULL);
INSERT INTO outbound_orders (outbound_id, product_id, outbound_type, warehouse_id, total_items, total_quantity, status, picker, packer, created_time, shipped_time) VALUES (242, 62, 'sales', 3, 1, 95, 'picking', 8, NULL, '2025-11-21 19:01:43', NULL);
INSERT INTO outbound_orders (outbound_id, product_id, outbound_type, warehouse_id, total_items, total_quantity, status, picker, packer, created_time, shipped_time) VALUES (243, 30, 'sales', 1, 1, 19, 'packing', 46, 46, '2025-11-17 02:16:58', NULL);
INSERT INTO outbound_orders (outbound_id, product_id, outbound_type, warehouse_id, total_items, total_quantity, status, picker, packer, created_time, shipped_time) VALUES (244, 73, 'sales', 2, 1, 81, 'shipped', 22, 22, '2025-11-21 07:26:57', '2025-11-23 00:09:18');
INSERT INTO outbound_orders (outbound_id, product_id, outbound_type, warehouse_id, total_items, total_quantity, status, picker, packer, created_time, shipped_time) VALUES (245, 9, 'sales', 5, 1, 30, 'picking', 30, NULL, '2025-11-28 12:32:09', NULL);
INSERT INTO outbound_orders (outbound_id, product_id, outbound_type, warehouse_id, total_items, total_quantity, status, picker, packer, created_time, shipped_time) VALUES (246, 30, 'sales', 1, 1, 14, 'pending', NULL, NULL, '2025-11-27 08:03:02', NULL);
INSERT INTO outbound_orders (outbound_id, product_id, outbound_type, warehouse_id, total_items, total_quantity, status, picker, packer, created_time, shipped_time) VALUES (247, 88, 'sales', 1, 1, 2, 'pending', NULL, NULL, '2025-11-23 07:53:39', NULL);
INSERT INTO outbound_orders (outbound_id, product_id, outbound_type, warehouse_id, total_items, total_quantity, status, picker, packer, created_time, shipped_time) VALUES (248, 30, 'sales', 1, 1, 53, 'pending', NULL, NULL, '2025-11-30 03:23:36', NULL);
INSERT INTO outbound_orders (outbound_id, product_id, outbound_type, warehouse_id, total_items, total_quantity, status, picker, packer, created_time, shipped_time) VALUES (249, 85, 'sales', 2, 1, 36, 'shipped', 42, 42, '2025-11-18 10:16:32', '2025-11-19 05:10:18');
INSERT INTO outbound_orders (outbound_id, product_id, outbound_type, warehouse_id, total_items, total_quantity, status, picker, packer, created_time, shipped_time) VALUES (250, 50, 'sales', 5, 1, 67, 'shipped', 50, 50, '2025-11-30 07:27:02', '2025-12-01 02:45:34');
INSERT INTO inventory_adjustments (adjustment_id, adjustment_type, warehouse_id, product_id, inventory_id, before_quantity, after_quantity, quantity_change, adjustment_reason, operator, notes) VALUES (1, 'write_off', 3, 68, 140, 502, 493, -9, 'Damaged', 43, NULL);
INSERT INTO inventory_adjustments (adjustment_id, adjustment_type, warehouse_id, product_id, inventory_id, before_quantity, after_quantity, quantity_change, adjustment_reason, operator, notes) VALUES (2, 'count', 1, 30, 24, 811, 810, -1, 'Cycle Count', 16, NULL);
INSERT INTO inventory_adjustments (adjustment_id, adjustment_type, warehouse_id, product_id, inventory_id, before_quantity, after_quantity, quantity_change, adjustment_reason, operator, notes) VALUES (3, 'count', 2, 89, 143, 318, 320, 2, 'Cycle Count', 17, NULL);
INSERT INTO inventory_adjustments (adjustment_id, adjustment_type, warehouse_id, product_id, inventory_id, before_quantity, after_quantity, quantity_change, adjustment_reason, operator, notes) VALUES (4, 'write_off', 3, 67, 28, 52, 39, -13, 'Damaged', 43, NULL);
INSERT INTO inventory_adjustments (adjustment_id, adjustment_type, warehouse_id, product_id, inventory_id, before_quantity, after_quantity, quantity_change, adjustment_reason, operator, notes) VALUES (5, 'transfer', 1, 93, 149, 470, 470, 0, 'Internal', 11, NULL);
INSERT INTO inventory_adjustments (adjustment_id, adjustment_type, warehouse_id, product_id, inventory_id, before_quantity, after_quantity, quantity_change, adjustment_reason, operator, notes) VALUES (6, 'transfer', 2, 82, 76, 291, 291, 0, 'Internal', 2, NULL);
INSERT INTO inventory_adjustments (adjustment_id, adjustment_type, warehouse_id, product_id, inventory_id, before_quantity, after_quantity, quantity_change, adjustment_reason, operator, notes) VALUES (7, 'write_off', 5, 62, 144, 107, 98, -9, 'Damaged', 45, NULL);
INSERT INTO inventory_adjustments (adjustment_id, adjustment_type, warehouse_id, product_id, inventory_id, before_quantity, after_quantity, quantity_change, adjustment_reason, operator, notes) VALUES (8, 'write_off', 1, 71, 161, 116, 108, -8, 'Damaged', 16, NULL);
INSERT INTO inventory_adjustments (adjustment_id, adjustment_type, warehouse_id, product_id, inventory_id, before_quantity, after_quantity, quantity_change, adjustment_reason, operator, notes) VALUES (9, 'write_off', 1, 62, 169, 893, 887, -6, 'Damaged', 36, NULL);
INSERT INTO inventory_adjustments (adjustment_id, adjustment_type, warehouse_id, product_id, inventory_id, before_quantity, after_quantity, quantity_change, adjustment_reason, operator, notes) VALUES (10, 'write_off', 4, 21, 123, 321, 313, -8, 'Damaged', 39, NULL);
INSERT INTO inventory_adjustments (adjustment_id, adjustment_type, warehouse_id, product_id, inventory_id, before_quantity, after_quantity, quantity_change, adjustment_reason, operator, notes) VALUES (11, 'transfer', 3, 20, 75, 844, 844, 0, 'Internal', 13, NULL);
INSERT INTO inventory_adjustments (adjustment_id, adjustment_type, warehouse_id, product_id, inventory_id, before_quantity, after_quantity, quantity_change, adjustment_reason, operator, notes) VALUES (12, 'write_off', 1, 1, 32, 345, 325, -20, 'Damaged', 41, NULL);
INSERT INTO inventory_adjustments (adjustment_id, adjustment_type, warehouse_id, product_id, inventory_id, before_quantity, after_quantity, quantity_change, adjustment_reason, operator, notes) VALUES (13, 'write_off', 1, 93, 149, 470, 451, -19, 'Damaged', 31, NULL);
INSERT INTO inventory_adjustments (adjustment_id, adjustment_type, warehouse_id, product_id, inventory_id, before_quantity, after_quantity, quantity_change, adjustment_reason, operator, notes) VALUES (14, 'count', 5, 79, 37, 152, 156, 4, 'Cycle Count', 15, NULL);
INSERT INTO inventory_adjustments (adjustment_id, adjustment_type, warehouse_id, product_id, inventory_id, before_quantity, after_quantity, quantity_change, adjustment_reason, operator, notes) VALUES (15, 'write_off', 5, 9, 48, 751, 735, -16, 'Damaged', 35, NULL);
INSERT INTO inventory_adjustments (adjustment_id, adjustment_type, warehouse_id, product_id, inventory_id, before_quantity, after_quantity, quantity_change, adjustment_reason, operator, notes) VALUES (16, 'write_off', 4, 64, 29, 391, 372, -19, 'Damaged', 49, NULL);
INSERT INTO inventory_adjustments (adjustment_id, adjustment_type, warehouse_id, product_id, inventory_id, before_quantity, after_quantity, quantity_change, adjustment_reason, operator, notes) VALUES (17, 'count', 5, 4, 93, 583, 586, 3, 'Cycle Count', 10, NULL);
INSERT INTO inventory_adjustments (adjustment_id, adjustment_type, warehouse_id, product_id, inventory_id, before_quantity, after_quantity, quantity_change, adjustment_reason, operator, notes) VALUES (18, 'write_off', 5, 28, 112, 518, 505, -13, 'Damaged', 30, NULL);
INSERT INTO inventory_adjustments (adjustment_id, adjustment_type, warehouse_id, product_id, inventory_id, before_quantity, after_quantity, quantity_change, adjustment_reason, operator, notes) VALUES (19, 'write_off', 3, 51, 15, 222, 207, -15, 'Damaged', 33, NULL);
INSERT INTO inventory_adjustments (adjustment_id, adjustment_type, warehouse_id, product_id, inventory_id, before_quantity, after_quantity, quantity_change, adjustment_reason, operator, notes) VALUES (20, 'write_off', 4, 26, 73, 202, 182, -20, 'Damaged', 29, NULL);
INSERT INTO inventory_adjustments (adjustment_id, adjustment_type, warehouse_id, product_id, inventory_id, before_quantity, after_quantity, quantity_change, adjustment_reason, operator, notes) VALUES (21, 'transfer', 4, 4, 108, 437, 437, 0, 'Internal', 19, NULL);
INSERT INTO inventory_adjustments (adjustment_id, adjustment_type, warehouse_id, product_id, inventory_id, before_quantity, after_quantity, quantity_change, adjustment_reason, operator, notes) VALUES (22, 'count', 3, 63, 132, 828, 824, -4, 'Cycle Count', 43, NULL);
INSERT INTO inventory_adjustments (adjustment_id, adjustment_type, warehouse_id, product_id, inventory_id, before_quantity, after_quantity, quantity_change, adjustment_reason, operator, notes) VALUES (23, 'transfer', 4, 50, 7, 110, 110, 0, 'Internal', 34, NULL);
INSERT INTO inventory_adjustments (adjustment_id, adjustment_type, warehouse_id, product_id, inventory_id, before_quantity, after_quantity, quantity_change, adjustment_reason, operator, notes) VALUES (24, 'transfer', 1, 35, 162, 182, 182, 0, 'Internal', 41, NULL);
INSERT INTO inventory_adjustments (adjustment_id, adjustment_type, warehouse_id, product_id, inventory_id, before_quantity, after_quantity, quantity_change, adjustment_reason, operator, notes) VALUES (25, 'count', 4, 93, 22, 651, 654, 3, 'Cycle Count', 19, NULL);
INSERT INTO inventory_adjustments (adjustment_id, adjustment_type, warehouse_id, product_id, inventory_id, before_quantity, after_quantity, quantity_change, adjustment_reason, operator, notes) VALUES (26, 'write_off', 4, 93, 22, 654, 644, -10, 'Damaged', 44, NULL);
INSERT INTO inventory_adjustments (adjustment_id, adjustment_type, warehouse_id, product_id, inventory_id, before_quantity, after_quantity, quantity_change, adjustment_reason, operator, notes) VALUES (27, 'count', 5, 34, 98, 679, 674, -5, 'Cycle Count', 40, NULL);
INSERT INTO inventory_adjustments (adjustment_id, adjustment_type, warehouse_id, product_id, inventory_id, before_quantity, after_quantity, quantity_change, adjustment_reason, operator, notes) VALUES (28, 'count', 4, 93, 22, 644, 647, 3, 'Cycle Count', 4, NULL);
INSERT INTO inventory_adjustments (adjustment_id, adjustment_type, warehouse_id, product_id, inventory_id, before_quantity, after_quantity, quantity_change, adjustment_reason, operator, notes) VALUES (29, 'write_off', 1, 62, 169, 887, 877, -10, 'Damaged', 26, NULL);
INSERT INTO inventory_adjustments (adjustment_id, adjustment_type, warehouse_id, product_id, inventory_id, before_quantity, after_quantity, quantity_change, adjustment_reason, operator, notes) VALUES (30, 'write_off', 4, 67, 60, 21, 1, -20, 'Damaged', 4, NULL);
INSERT INTO inventory_adjustments (adjustment_id, adjustment_type, warehouse_id, product_id, inventory_id, before_quantity, after_quantity, quantity_change, adjustment_reason, operator, notes) VALUES (31, 'count', 4, 23, 128, 862, 860, -2, 'Cycle Count', 34, NULL);
INSERT INTO inventory_adjustments (adjustment_id, adjustment_type, warehouse_id, product_id, inventory_id, before_quantity, after_quantity, quantity_change, adjustment_reason, operator, notes) VALUES (32, 'count', 1, 93, 20, 347, 350, 3, 'Cycle Count', 16, NULL);
INSERT INTO inventory_adjustments (adjustment_id, adjustment_type, warehouse_id, product_id, inventory_id, before_quantity, after_quantity, quantity_change, adjustment_reason, operator, notes) VALUES (33, 'write_off', 5, 89, 157, 909, 889, -20, 'Damaged', 10, NULL);
INSERT INTO inventory_adjustments (adjustment_id, adjustment_type, warehouse_id, product_id, inventory_id, before_quantity, after_quantity, quantity_change, adjustment_reason, operator, notes) VALUES (34, 'write_off', 3, 57, 164, 122, 107, -15, 'Damaged', 33, NULL);
INSERT INTO inventory_adjustments (adjustment_id, adjustment_type, warehouse_id, product_id, inventory_id, before_quantity, after_quantity, quantity_change, adjustment_reason, operator, notes) VALUES (35, 'count', 1, 40, 165, 986, 985, -1, 'Cycle Count', 36, NULL);
INSERT INTO inventory_adjustments (adjustment_id, adjustment_type, warehouse_id, product_id, inventory_id, before_quantity, after_quantity, quantity_change, adjustment_reason, operator, notes) VALUES (36, 'write_off', 1, 6, 11, 703, 699, -4, 'Damaged', 31, NULL);
INSERT INTO inventory_adjustments (adjustment_id, adjustment_type, warehouse_id, product_id, inventory_id, before_quantity, after_quantity, quantity_change, adjustment_reason, operator, notes) VALUES (37, 'count', 4, 67, 60, 1, 2, 1, 'Cycle Count', 24, NULL);
INSERT INTO inventory_adjustments (adjustment_id, adjustment_type, warehouse_id, product_id, inventory_id, before_quantity, after_quantity, quantity_change, adjustment_reason, operator, notes) VALUES (38, 'write_off', 1, 35, 162, 182, 162, -20, 'Damaged', 1, NULL);
INSERT INTO inventory_adjustments (adjustment_id, adjustment_type, warehouse_id, product_id, inventory_id, before_quantity, after_quantity, quantity_change, adjustment_reason, operator, notes) VALUES (39, 'write_off', 2, 96, 88, 451, 437, -14, 'Damaged', 22, NULL);
INSERT INTO inventory_adjustments (adjustment_id, adjustment_type, warehouse_id, product_id, inventory_id, before_quantity, after_quantity, quantity_change, adjustment_reason, operator, notes) VALUES (40, 'write_off', 3, 51, 15, 207, 205, -2, 'Damaged', 33, NULL);
INSERT INTO inventory_adjustments (adjustment_id, adjustment_type, warehouse_id, product_id, inventory_id, before_quantity, after_quantity, quantity_change, adjustment_reason, operator, notes) VALUES (41, 'transfer', 4, 20, 147, 739, 739, 0, 'Internal', 19, NULL);
INSERT INTO inventory_adjustments (adjustment_id, adjustment_type, warehouse_id, product_id, inventory_id, before_quantity, after_quantity, quantity_change, adjustment_reason, operator, notes) VALUES (42, 'count', 3, 31, 56, 462, 463, 1, 'Cycle Count', 3, NULL);
INSERT INTO inventory_adjustments (adjustment_id, adjustment_type, warehouse_id, product_id, inventory_id, before_quantity, after_quantity, quantity_change, adjustment_reason, operator, notes) VALUES (43, 'write_off', 2, 51, 12, 836, 826, -10, 'Damaged', 42, NULL);
INSERT INTO inventory_adjustments (adjustment_id, adjustment_type, warehouse_id, product_id, inventory_id, before_quantity, after_quantity, quantity_change, adjustment_reason, operator, notes) VALUES (44, 'write_off', 3, 70, 2, 128, 108, -20, 'Damaged', 33, NULL);
INSERT INTO inventory_adjustments (adjustment_id, adjustment_type, warehouse_id, product_id, inventory_id, before_quantity, after_quantity, quantity_change, adjustment_reason, operator, notes) VALUES (45, 'write_off', 2, 60, 151, 381, 361, -20, 'Damaged', 37, NULL);
INSERT INTO inventory_adjustments (adjustment_id, adjustment_type, warehouse_id, product_id, inventory_id, before_quantity, after_quantity, quantity_change, adjustment_reason, operator, notes) VALUES (46, 'write_off', 2, 11, 41, 216, 212, -4, 'Damaged', 37, NULL);
INSERT INTO inventory_adjustments (adjustment_id, adjustment_type, warehouse_id, product_id, inventory_id, before_quantity, after_quantity, quantity_change, adjustment_reason, operator, notes) VALUES (47, 'transfer', 5, 71, 146, 266, 266, 0, 'Internal', 25, NULL);
INSERT INTO inventory_adjustments (adjustment_id, adjustment_type, warehouse_id, product_id, inventory_id, before_quantity, after_quantity, quantity_change, adjustment_reason, operator, notes) VALUES (48, 'count', 3, 31, 56, 463, 459, -4, 'Cycle Count', 28, NULL);
INSERT INTO inventory_adjustments (adjustment_id, adjustment_type, warehouse_id, product_id, inventory_id, before_quantity, after_quantity, quantity_change, adjustment_reason, operator, notes) VALUES (49, 'count', 4, 77, 68, 867, 862, -5, 'Cycle Count', 24, NULL);
INSERT INTO inventory_adjustments (adjustment_id, adjustment_type, warehouse_id, product_id, inventory_id, before_quantity, after_quantity, quantity_change, adjustment_reason, operator, notes) VALUES (50, 'transfer', 2, 73, 21, 36, 36, 0, 'Internal', 32, NULL);
INSERT INTO inventory_adjustments (adjustment_id, adjustment_type, warehouse_id, product_id, inventory_id, before_quantity, after_quantity, quantity_change, adjustment_reason, operator, notes) VALUES (51, 'write_off', 1, 93, 20, 350, 349, -1, 'Damaged', 1, NULL);
INSERT INTO inventory_adjustments (adjustment_id, adjustment_type, warehouse_id, product_id, inventory_id, before_quantity, after_quantity, quantity_change, adjustment_reason, operator, notes) VALUES (52, 'count', 2, 76, 111, 592, 592, 0, 'Cycle Count', 12, NULL);
INSERT INTO inventory_adjustments (adjustment_id, adjustment_type, warehouse_id, product_id, inventory_id, before_quantity, after_quantity, quantity_change, adjustment_reason, operator, notes) VALUES (53, 'write_off', 3, 29, 70, 887, 882, -5, 'Damaged', 18, NULL);
INSERT INTO inventory_adjustments (adjustment_id, adjustment_type, warehouse_id, product_id, inventory_id, before_quantity, after_quantity, quantity_change, adjustment_reason, operator, notes) VALUES (54, 'transfer', 2, 51, 12, 826, 826, 0, 'Internal', 42, NULL);
INSERT INTO inventory_adjustments (adjustment_id, adjustment_type, warehouse_id, product_id, inventory_id, before_quantity, after_quantity, quantity_change, adjustment_reason, operator, notes) VALUES (55, 'count', 3, 76, 1, 424, 425, 1, 'Cycle Count', 18, NULL);
INSERT INTO inventory_adjustments (adjustment_id, adjustment_type, warehouse_id, product_id, inventory_id, before_quantity, after_quantity, quantity_change, adjustment_reason, operator, notes) VALUES (56, 'transfer', 1, 3, 49, 672, 672, 0, 'Internal', 31, NULL);
INSERT INTO inventory_adjustments (adjustment_id, adjustment_type, warehouse_id, product_id, inventory_id, before_quantity, after_quantity, quantity_change, adjustment_reason, operator, notes) VALUES (57, 'write_off', 4, 16, 18, 739, 728, -11, 'Damaged', 9, NULL);
INSERT INTO inventory_adjustments (adjustment_id, adjustment_type, warehouse_id, product_id, inventory_id, before_quantity, after_quantity, quantity_change, adjustment_reason, operator, notes) VALUES (58, 'write_off', 3, 5, 26, 55, 35, -20, 'Damaged', 23, NULL);
INSERT INTO inventory_adjustments (adjustment_id, adjustment_type, warehouse_id, product_id, inventory_id, before_quantity, after_quantity, quantity_change, adjustment_reason, operator, notes) VALUES (59, 'write_off', 2, 5, 51, 703, 687, -16, 'Damaged', 27, NULL);
INSERT INTO inventory_adjustments (adjustment_id, adjustment_type, warehouse_id, product_id, inventory_id, before_quantity, after_quantity, quantity_change, adjustment_reason, operator, notes) VALUES (60, 'write_off', 4, 26, 73, 182, 167, -15, 'Damaged', 9, NULL);
INSERT INTO inventory_adjustments (adjustment_id, adjustment_type, warehouse_id, product_id, inventory_id, before_quantity, after_quantity, quantity_change, adjustment_reason, operator, notes) VALUES (61, 'write_off', 2, 3, 167, 610, 590, -20, 'Damaged', 2, NULL);
INSERT INTO inventory_adjustments (adjustment_id, adjustment_type, warehouse_id, product_id, inventory_id, before_quantity, after_quantity, quantity_change, adjustment_reason, operator, notes) VALUES (62, 'write_off', 1, 70, 131, 807, 797, -10, 'Damaged', 6, NULL);
INSERT INTO inventory_adjustments (adjustment_id, adjustment_type, warehouse_id, product_id, inventory_id, before_quantity, after_quantity, quantity_change, adjustment_reason, operator, notes) VALUES (63, 'write_off', 4, 94, 4, 75, 73, -2, 'Damaged', 44, NULL);
INSERT INTO inventory_adjustments (adjustment_id, adjustment_type, warehouse_id, product_id, inventory_id, before_quantity, after_quantity, quantity_change, adjustment_reason, operator, notes) VALUES (64, 'transfer', 3, 70, 2, 108, 108, 0, 'Internal', 3, NULL);
INSERT INTO inventory_adjustments (adjustment_id, adjustment_type, warehouse_id, product_id, inventory_id, before_quantity, after_quantity, quantity_change, adjustment_reason, operator, notes) VALUES (65, 'write_off', 2, 6, 102, 686, 673, -13, 'Damaged', 17, NULL);
INSERT INTO inventory_adjustments (adjustment_id, adjustment_type, warehouse_id, product_id, inventory_id, before_quantity, after_quantity, quantity_change, adjustment_reason, operator, notes) VALUES (66, 'transfer', 3, 68, 140, 493, 493, 0, 'Internal', 33, NULL);
INSERT INTO inventory_adjustments (adjustment_id, adjustment_type, warehouse_id, product_id, inventory_id, before_quantity, after_quantity, quantity_change, adjustment_reason, operator, notes) VALUES (67, 'transfer', 4, 77, 68, 862, 862, 0, 'Internal', 9, NULL);
INSERT INTO inventory_adjustments (adjustment_id, adjustment_type, warehouse_id, product_id, inventory_id, before_quantity, after_quantity, quantity_change, adjustment_reason, operator, notes) VALUES (68, 'count', 4, 4, 108, 437, 434, -3, 'Cycle Count', 9, NULL);
INSERT INTO inventory_adjustments (adjustment_id, adjustment_type, warehouse_id, product_id, inventory_id, before_quantity, after_quantity, quantity_change, adjustment_reason, operator, notes) VALUES (69, 'write_off', 5, 82, 166, 66, 64, -2, 'Damaged', 20, NULL);
INSERT INTO inventory_adjustments (adjustment_id, adjustment_type, warehouse_id, product_id, inventory_id, before_quantity, after_quantity, quantity_change, adjustment_reason, operator, notes) VALUES (70, 'write_off', 2, 11, 41, 212, 211, -1, 'Damaged', 2, NULL);
INSERT INTO inventory_adjustments (adjustment_id, adjustment_type, warehouse_id, product_id, inventory_id, before_quantity, after_quantity, quantity_change, adjustment_reason, operator, notes) VALUES (71, 'transfer', 5, 53, 82, 935, 935, 0, 'Internal', 10, NULL);
INSERT INTO inventory_adjustments (adjustment_id, adjustment_type, warehouse_id, product_id, inventory_id, before_quantity, after_quantity, quantity_change, adjustment_reason, operator, notes) VALUES (72, 'transfer', 1, 44, 35, 723, 723, 0, 'Internal', 6, NULL);
INSERT INTO inventory_adjustments (adjustment_id, adjustment_type, warehouse_id, product_id, inventory_id, before_quantity, after_quantity, quantity_change, adjustment_reason, operator, notes) VALUES (73, 'transfer', 5, 16, 62, 336, 336, 0, 'Internal', 35, NULL);
INSERT INTO inventory_adjustments (adjustment_id, adjustment_type, warehouse_id, product_id, inventory_id, before_quantity, after_quantity, quantity_change, adjustment_reason, operator, notes) VALUES (74, 'transfer', 2, 51, 12, 826, 826, 0, 'Internal', 17, NULL);
INSERT INTO inventory_adjustments (adjustment_id, adjustment_type, warehouse_id, product_id, inventory_id, before_quantity, after_quantity, quantity_change, adjustment_reason, operator, notes) VALUES (75, 'transfer', 2, 36, 40, 868, 868, 0, 'Internal', 17, NULL);
INSERT INTO inventory_adjustments (adjustment_id, adjustment_type, warehouse_id, product_id, inventory_id, before_quantity, after_quantity, quantity_change, adjustment_reason, operator, notes) VALUES (76, 'count', 3, 62, 117, 878, 878, 0, 'Cycle Count', 3, NULL);
INSERT INTO inventory_adjustments (adjustment_id, adjustment_type, warehouse_id, product_id, inventory_id, before_quantity, after_quantity, quantity_change, adjustment_reason, operator, notes) VALUES (77, 'count', 3, 57, 130, 205, 204, -1, 'Cycle Count', 48, NULL);
INSERT INTO inventory_adjustments (adjustment_id, adjustment_type, warehouse_id, product_id, inventory_id, before_quantity, after_quantity, quantity_change, adjustment_reason, operator, notes) VALUES (78, 'write_off', 2, 85, 134, 264, 261, -3, 'Damaged', 7, NULL);
INSERT INTO inventory_adjustments (adjustment_id, adjustment_type, warehouse_id, product_id, inventory_id, before_quantity, after_quantity, quantity_change, adjustment_reason, operator, notes) VALUES (79, 'count', 2, 95, 135, 482, 479, -3, 'Cycle Count', 27, NULL);
INSERT INTO inventory_adjustments (adjustment_id, adjustment_type, warehouse_id, product_id, inventory_id, before_quantity, after_quantity, quantity_change, adjustment_reason, operator, notes) VALUES (80, 'transfer', 3, 10, 141, 792, 792, 0, 'Internal', 28, NULL);
INSERT INTO inventory (inventory_id, product_id, warehouse_id, storage_location, total_quantity, locked_quantity, available_quantity, unit, production_date, expiry_date, inventory_status) VALUES (1, 76, 3, 'Z-20-44', 425, 0, 425, 'pcs', '2025-04-17 00:57:38', '2026-05-21 12:21:56', 'normal');
INSERT INTO inventory (inventory_id, product_id, warehouse_id, storage_location, total_quantity, locked_quantity, available_quantity, unit, production_date, expiry_date, inventory_status) VALUES (2, 70, 3, 'Z-03-55', 108, 0, 108, 'pcs', '2025-03-03 16:39:44', '2026-11-04 00:57:07', 'normal');
INSERT INTO inventory (inventory_id, product_id, warehouse_id, storage_location, total_quantity, locked_quantity, available_quantity, unit, production_date, expiry_date, inventory_status) VALUES (3, 36, 3, 'Z-13-03', 241, 12, 229, 'pcs', '2025-03-19 03:25:25', '2026-11-02 20:04:20', 'normal');
INSERT INTO inventory (inventory_id, product_id, warehouse_id, storage_location, total_quantity, locked_quantity, available_quantity, unit, production_date, expiry_date, inventory_status) VALUES (4, 94, 4, 'Z-03-42', 73, 0, 73, 'pcs', '2025-07-13 00:55:06', '2026-08-12 21:54:55', 'normal');
INSERT INTO inventory (inventory_id, product_id, warehouse_id, storage_location, total_quantity, locked_quantity, available_quantity, unit, production_date, expiry_date, inventory_status) VALUES (5, 59, 5, 'Z-18-43', 899, 100, 799, 'pcs', '2025-04-27 15:54:43', '2026-01-03 14:54:52', 'normal');
INSERT INTO inventory (inventory_id, product_id, warehouse_id, storage_location, total_quantity, locked_quantity, available_quantity, unit, production_date, expiry_date, inventory_status) VALUES (6, 30, 1, 'Z-04-38', 430, 0, 430, 'pcs', '2025-08-21 10:08:54', '2026-11-28 13:31:57', 'normal');
INSERT INTO inventory (inventory_id, product_id, warehouse_id, storage_location, total_quantity, locked_quantity, available_quantity, unit, production_date, expiry_date, inventory_status) VALUES (7, 50, 4, 'Z-06-13', 110, 0, 110, 'pcs', '2024-12-01 16:26:04', '2026-11-11 16:57:57', 'normal');
INSERT INTO inventory (inventory_id, product_id, warehouse_id, storage_location, total_quantity, locked_quantity, available_quantity, unit, production_date, expiry_date, inventory_status) VALUES (8, 37, 4, 'Z-01-43', 732, 0, 732, 'pcs', '2025-11-19 23:55:26', '2026-05-21 17:53:21', 'normal');
INSERT INTO inventory (inventory_id, product_id, warehouse_id, storage_location, total_quantity, locked_quantity, available_quantity, unit, production_date, expiry_date, inventory_status) VALUES (9, 6, 5, 'Z-14-24', 299, 0, 299, 'pcs', '2025-02-08 07:36:31', '2026-06-03 12:47:46', 'normal');
INSERT INTO inventory (inventory_id, product_id, warehouse_id, storage_location, total_quantity, locked_quantity, available_quantity, unit, production_date, expiry_date, inventory_status) VALUES (10, 52, 5, 'Z-08-58', 536, 0, 536, 'pcs', '2025-08-16 20:41:03', '2026-09-23 09:18:21', 'normal');
INSERT INTO inventory (inventory_id, product_id, warehouse_id, storage_location, total_quantity, locked_quantity, available_quantity, unit, production_date, expiry_date, inventory_status) VALUES (11, 6, 1, 'Z-10-18', 699, 0, 699, 'pcs', '2025-05-12 23:41:59', '2026-09-22 19:51:19', 'normal');
INSERT INTO inventory (inventory_id, product_id, warehouse_id, storage_location, total_quantity, locked_quantity, available_quantity, unit, production_date, expiry_date, inventory_status) VALUES (12, 51, 2, 'Z-03-26', 826, 0, 826, 'pcs', '2025-02-20 21:38:45', '2026-05-08 17:00:50', 'normal');
INSERT INTO inventory (inventory_id, product_id, warehouse_id, storage_location, total_quantity, locked_quantity, available_quantity, unit, production_date, expiry_date, inventory_status) VALUES (13, 95, 1, 'Z-07-47', 803, 0, 803, 'pcs', '2025-08-13 17:04:09', '2026-01-07 15:01:12', 'normal');
INSERT INTO inventory (inventory_id, product_id, warehouse_id, storage_location, total_quantity, locked_quantity, available_quantity, unit, production_date, expiry_date, inventory_status) VALUES (14, 77, 5, 'Z-08-34', 204, 50, 154, 'pcs', '2025-06-23 08:02:40', '2026-07-08 10:31:16', 'normal');
INSERT INTO inventory (inventory_id, product_id, warehouse_id, storage_location, total_quantity, locked_quantity, available_quantity, unit, production_date, expiry_date, inventory_status) VALUES (15, 51, 3, 'Z-19-10', 205, 67, 138, 'pcs', '2025-07-25 12:59:50', '2026-10-08 20:31:52', 'normal');
INSERT INTO inventory (inventory_id, product_id, warehouse_id, storage_location, total_quantity, locked_quantity, available_quantity, unit, production_date, expiry_date, inventory_status) VALUES (16, 70, 2, 'Z-14-19', 507, 0, 507, 'pcs', '2025-09-30 01:19:39', '2026-01-04 21:14:05', 'normal');
INSERT INTO inventory (inventory_id, product_id, warehouse_id, storage_location, total_quantity, locked_quantity, available_quantity, unit, production_date, expiry_date, inventory_status) VALUES (17, 12, 4, 'Z-08-25', 760, 88, 672, 'pcs', '2025-09-14 14:40:39', '2026-08-08 17:24:52', 'normal');
INSERT INTO inventory (inventory_id, product_id, warehouse_id, storage_location, total_quantity, locked_quantity, available_quantity, unit, production_date, expiry_date, inventory_status) VALUES (18, 16, 4, 'Z-14-18', 728, 0, 728, 'pcs', '2025-07-18 05:32:35', '2026-03-15 04:37:22', 'normal');
INSERT INTO inventory (inventory_id, product_id, warehouse_id, storage_location, total_quantity, locked_quantity, available_quantity, unit, production_date, expiry_date, inventory_status) VALUES (19, 2, 2, 'Z-14-19', 859, 0, 859, 'pcs', '2025-05-25 15:27:58', '2026-10-31 08:03:42', 'normal');
INSERT INTO inventory (inventory_id, product_id, warehouse_id, storage_location, total_quantity, locked_quantity, available_quantity, unit, production_date, expiry_date, inventory_status) VALUES (20, 93, 1, 'Z-13-37', 349, 160, 189, 'pcs', '2025-09-15 17:00:03', '2026-05-04 05:35:23', 'normal');
INSERT INTO inventory (inventory_id, product_id, warehouse_id, storage_location, total_quantity, locked_quantity, available_quantity, unit, production_date, expiry_date, inventory_status) VALUES (21, 73, 2, 'Z-03-33', 36, 0, 36, 'pcs', '2025-01-10 01:18:40', '2026-03-11 21:08:30', 'normal');
INSERT INTO inventory (inventory_id, product_id, warehouse_id, storage_location, total_quantity, locked_quantity, available_quantity, unit, production_date, expiry_date, inventory_status) VALUES (22, 93, 4, 'Z-16-48', 647, 0, 647, 'pcs', '2025-03-07 16:16:30', '2026-11-23 12:48:04', 'normal');
INSERT INTO inventory (inventory_id, product_id, warehouse_id, storage_location, total_quantity, locked_quantity, available_quantity, unit, production_date, expiry_date, inventory_status) VALUES (23, 64, 3, 'Z-11-59', 738, 0, 738, 'pcs', '2025-03-21 19:07:22', '2026-10-28 01:37:35', 'normal');
INSERT INTO inventory (inventory_id, product_id, warehouse_id, storage_location, total_quantity, locked_quantity, available_quantity, unit, production_date, expiry_date, inventory_status) VALUES (24, 30, 1, 'Z-09-15', 810, 19, 791, 'pcs', '2025-03-26 08:01:13', '2026-06-29 17:11:00', 'normal');
INSERT INTO inventory (inventory_id, product_id, warehouse_id, storage_location, total_quantity, locked_quantity, available_quantity, unit, production_date, expiry_date, inventory_status) VALUES (25, 1, 1, 'Z-13-41', 87, 0, 87, 'pcs', '2025-02-10 11:27:00', '2026-09-04 18:56:43', 'normal');
INSERT INTO inventory (inventory_id, product_id, warehouse_id, storage_location, total_quantity, locked_quantity, available_quantity, unit, production_date, expiry_date, inventory_status) VALUES (26, 5, 3, 'Z-02-05', 35, 0, 35, 'pcs', '2025-09-20 12:35:08', '2026-07-29 16:12:48', 'normal');
INSERT INTO inventory (inventory_id, product_id, warehouse_id, storage_location, total_quantity, locked_quantity, available_quantity, unit, production_date, expiry_date, inventory_status) VALUES (27, 4, 4, 'Z-13-46', 8, 0, 8, 'pcs', '2025-06-24 09:46:15', '2026-02-12 08:47:37', 'normal');
INSERT INTO inventory (inventory_id, product_id, warehouse_id, storage_location, total_quantity, locked_quantity, available_quantity, unit, production_date, expiry_date, inventory_status) VALUES (28, 67, 3, 'Z-17-22', 39, 0, 39, 'pcs', '2025-04-19 16:21:36', '2026-07-29 14:35:42', 'normal');
INSERT INTO inventory (inventory_id, product_id, warehouse_id, storage_location, total_quantity, locked_quantity, available_quantity, unit, production_date, expiry_date, inventory_status) VALUES (29, 64, 4, 'Z-04-05', 372, 0, 372, 'pcs', '2025-11-14 20:25:23', '2026-07-07 07:27:41', 'normal');
INSERT INTO inventory (inventory_id, product_id, warehouse_id, storage_location, total_quantity, locked_quantity, available_quantity, unit, production_date, expiry_date, inventory_status) VALUES (30, 3, 3, 'Z-05-54', 468, 0, 468, 'pcs', '2025-06-14 11:27:52', '2026-04-21 18:03:20', 'normal');
INSERT INTO inventory (inventory_id, product_id, warehouse_id, storage_location, total_quantity, locked_quantity, available_quantity, unit, production_date, expiry_date, inventory_status) VALUES (31, 5, 3, 'Z-13-37', 539, 0, 539, 'pcs', '2025-05-22 08:49:51', '2026-06-26 08:50:26', 'normal');
INSERT INTO inventory (inventory_id, product_id, warehouse_id, storage_location, total_quantity, locked_quantity, available_quantity, unit, production_date, expiry_date, inventory_status) VALUES (32, 1, 1, 'Z-07-20', 325, 0, 325, 'pcs', '2025-06-01 14:28:43', '2026-03-02 07:48:38', 'normal');
INSERT INTO inventory (inventory_id, product_id, warehouse_id, storage_location, total_quantity, locked_quantity, available_quantity, unit, production_date, expiry_date, inventory_status) VALUES (33, 95, 1, 'Z-17-02', 684, 0, 684, 'pcs', '2025-09-11 15:14:33', '2026-05-19 09:00:00', 'normal');
INSERT INTO inventory (inventory_id, product_id, warehouse_id, storage_location, total_quantity, locked_quantity, available_quantity, unit, production_date, expiry_date, inventory_status) VALUES (34, 90, 4, 'Z-17-44', 910, 0, 910, 'pcs', '2025-04-19 16:03:01', '2026-05-17 02:51:02', 'normal');
INSERT INTO inventory (inventory_id, product_id, warehouse_id, storage_location, total_quantity, locked_quantity, available_quantity, unit, production_date, expiry_date, inventory_status) VALUES (35, 44, 1, 'Z-07-01', 723, 0, 723, 'pcs', '2025-01-21 23:27:45', '2026-09-26 05:08:12', 'normal');
INSERT INTO inventory (inventory_id, product_id, warehouse_id, storage_location, total_quantity, locked_quantity, available_quantity, unit, production_date, expiry_date, inventory_status) VALUES (36, 69, 3, 'Z-04-35', 396, 0, 396, 'pcs', '2025-02-19 12:10:26', '2026-07-08 20:50:27', 'normal');
INSERT INTO inventory (inventory_id, product_id, warehouse_id, storage_location, total_quantity, locked_quantity, available_quantity, unit, production_date, expiry_date, inventory_status) VALUES (37, 79, 5, 'Z-12-57', 156, 0, 156, 'pcs', '2025-11-07 09:52:11', '2026-11-24 01:46:00', 'normal');
INSERT INTO inventory (inventory_id, product_id, warehouse_id, storage_location, total_quantity, locked_quantity, available_quantity, unit, production_date, expiry_date, inventory_status) VALUES (38, 64, 4, 'Z-19-30', 959, 58, 901, 'pcs', '2025-10-26 21:30:15', '2026-11-27 08:37:51', 'normal');
INSERT INTO inventory (inventory_id, product_id, warehouse_id, storage_location, total_quantity, locked_quantity, available_quantity, unit, production_date, expiry_date, inventory_status) VALUES (39, 72, 3, 'Z-02-20', 135, 122, 13, 'pcs', '2025-07-19 21:54:52', '2026-06-30 19:03:54', 'normal');
INSERT INTO inventory (inventory_id, product_id, warehouse_id, storage_location, total_quantity, locked_quantity, available_quantity, unit, production_date, expiry_date, inventory_status) VALUES (40, 36, 2, 'Z-02-02', 868, 0, 868, 'pcs', '2025-06-16 03:06:56', '2026-11-26 09:43:01', 'normal');
INSERT INTO inventory (inventory_id, product_id, warehouse_id, storage_location, total_quantity, locked_quantity, available_quantity, unit, production_date, expiry_date, inventory_status) VALUES (41, 11, 2, 'Z-15-52', 211, 0, 211, 'pcs', '2025-05-25 23:28:35', '2026-06-01 11:22:57', 'normal');
INSERT INTO inventory (inventory_id, product_id, warehouse_id, storage_location, total_quantity, locked_quantity, available_quantity, unit, production_date, expiry_date, inventory_status) VALUES (42, 90, 2, 'Z-20-58', 136, 0, 136, 'pcs', '2025-10-02 20:50:14', '2026-10-24 13:51:44', 'normal');
INSERT INTO inventory (inventory_id, product_id, warehouse_id, storage_location, total_quantity, locked_quantity, available_quantity, unit, production_date, expiry_date, inventory_status) VALUES (43, 49, 1, 'Z-11-57', 10, 0, 10, 'pcs', '2025-05-30 10:30:37', '2025-12-21 00:40:36', 'normal');
INSERT INTO inventory (inventory_id, product_id, warehouse_id, storage_location, total_quantity, locked_quantity, available_quantity, unit, production_date, expiry_date, inventory_status) VALUES (44, 98, 3, 'Z-19-10', 226, 0, 226, 'pcs', '2025-08-09 06:22:31', '2026-04-29 15:27:06', 'normal');
INSERT INTO inventory (inventory_id, product_id, warehouse_id, storage_location, total_quantity, locked_quantity, available_quantity, unit, production_date, expiry_date, inventory_status) VALUES (45, 58, 1, 'Z-02-25', 907, 28, 879, 'pcs', '2025-10-09 21:29:01', '2026-01-07 00:15:25', 'normal');
INSERT INTO inventory (inventory_id, product_id, warehouse_id, storage_location, total_quantity, locked_quantity, available_quantity, unit, production_date, expiry_date, inventory_status) VALUES (46, 61, 2, 'Z-18-20', 230, 0, 230, 'pcs', '2025-07-06 07:58:24', '2026-01-20 05:28:23', 'normal');
INSERT INTO inventory (inventory_id, product_id, warehouse_id, storage_location, total_quantity, locked_quantity, available_quantity, unit, production_date, expiry_date, inventory_status) VALUES (47, 58, 4, 'Z-10-58', 423, 0, 423, 'pcs', '2025-06-18 12:55:18', '2026-03-06 21:19:17', 'normal');
INSERT INTO inventory (inventory_id, product_id, warehouse_id, storage_location, total_quantity, locked_quantity, available_quantity, unit, production_date, expiry_date, inventory_status) VALUES (48, 9, 5, 'Z-19-30', 735, 19, 716, 'pcs', '2025-02-11 23:22:22', '2026-07-25 04:11:54', 'normal');
INSERT INTO inventory (inventory_id, product_id, warehouse_id, storage_location, total_quantity, locked_quantity, available_quantity, unit, production_date, expiry_date, inventory_status) VALUES (49, 3, 1, 'Z-04-12', 672, 0, 672, 'pcs', '2025-07-14 23:44:26', '2026-01-25 04:28:35', 'normal');
INSERT INTO inventory (inventory_id, product_id, warehouse_id, storage_location, total_quantity, locked_quantity, available_quantity, unit, production_date, expiry_date, inventory_status) VALUES (50, 72, 5, 'Z-18-15', 873, 0, 873, 'pcs', '2025-05-24 07:33:55', '2026-02-04 20:27:35', 'normal');
INSERT INTO inventory (inventory_id, product_id, warehouse_id, storage_location, total_quantity, locked_quantity, available_quantity, unit, production_date, expiry_date, inventory_status) VALUES (51, 5, 2, 'Z-16-01', 687, 0, 687, 'pcs', '2024-12-11 03:44:59', '2026-05-19 05:31:49', 'normal');
INSERT INTO inventory (inventory_id, product_id, warehouse_id, storage_location, total_quantity, locked_quantity, available_quantity, unit, production_date, expiry_date, inventory_status) VALUES (52, 76, 1, 'Z-16-16', 536, 0, 536, 'pcs', '2025-11-09 15:57:19', '2026-10-24 23:34:48', 'normal');
INSERT INTO inventory (inventory_id, product_id, warehouse_id, storage_location, total_quantity, locked_quantity, available_quantity, unit, production_date, expiry_date, inventory_status) VALUES (53, 23, 1, 'Z-18-08', 944, 0, 944, 'pcs', '2025-02-14 01:24:12', '2026-07-29 19:41:07', 'normal');
INSERT INTO inventory (inventory_id, product_id, warehouse_id, storage_location, total_quantity, locked_quantity, available_quantity, unit, production_date, expiry_date, inventory_status) VALUES (54, 30, 1, 'Z-16-16', 295, 0, 295, 'pcs', '2025-08-21 14:12:32', '2026-03-20 01:24:35', 'normal');
INSERT INTO inventory (inventory_id, product_id, warehouse_id, storage_location, total_quantity, locked_quantity, available_quantity, unit, production_date, expiry_date, inventory_status) VALUES (55, 5, 4, 'Z-08-17', 152, 0, 152, 'pcs', '2025-10-11 12:47:17', '2026-06-09 12:12:23', 'normal');
INSERT INTO inventory (inventory_id, product_id, warehouse_id, storage_location, total_quantity, locked_quantity, available_quantity, unit, production_date, expiry_date, inventory_status) VALUES (56, 31, 3, 'Z-02-12', 459, 0, 459, 'pcs', '2024-12-28 06:00:17', '2026-10-14 01:25:41', 'normal');
INSERT INTO inventory (inventory_id, product_id, warehouse_id, storage_location, total_quantity, locked_quantity, available_quantity, unit, production_date, expiry_date, inventory_status) VALUES (57, 40, 3, 'Z-14-16', 579, 0, 579, 'pcs', '2025-03-19 17:11:07', '2026-04-11 07:42:45', 'normal');
INSERT INTO inventory (inventory_id, product_id, warehouse_id, storage_location, total_quantity, locked_quantity, available_quantity, unit, production_date, expiry_date, inventory_status) VALUES (58, 6, 3, 'Z-17-22', 500, 0, 500, 'pcs', '2025-08-05 00:39:30', '2026-07-20 06:34:44', 'normal');
INSERT INTO inventory (inventory_id, product_id, warehouse_id, storage_location, total_quantity, locked_quantity, available_quantity, unit, production_date, expiry_date, inventory_status) VALUES (59, 31, 5, 'Z-06-28', 391, 62, 329, 'pcs', '2024-12-23 20:43:11', '2026-10-28 07:15:40', 'normal');
INSERT INTO inventory (inventory_id, product_id, warehouse_id, storage_location, total_quantity, locked_quantity, available_quantity, unit, production_date, expiry_date, inventory_status) VALUES (60, 67, 4, 'Z-17-56', 2, 0, 2, 'pcs', '2025-10-11 02:05:48', '2026-01-18 09:47:42', 'normal');
INSERT INTO inventory (inventory_id, product_id, warehouse_id, storage_location, total_quantity, locked_quantity, available_quantity, unit, production_date, expiry_date, inventory_status) VALUES (61, 100, 3, 'Z-15-18', 834, 0, 834, 'pcs', '2025-08-09 08:38:04', '2026-02-25 12:52:16', 'normal');
INSERT INTO inventory (inventory_id, product_id, warehouse_id, storage_location, total_quantity, locked_quantity, available_quantity, unit, production_date, expiry_date, inventory_status) VALUES (62, 16, 5, 'Z-12-42', 336, 52, 284, 'pcs', '2025-11-04 06:56:25', '2026-10-12 09:17:04', 'normal');
INSERT INTO inventory (inventory_id, product_id, warehouse_id, storage_location, total_quantity, locked_quantity, available_quantity, unit, production_date, expiry_date, inventory_status) VALUES (63, 97, 4, 'Z-06-11', 72, 55, 17, 'pcs', '2025-02-23 17:37:19', '2026-01-26 00:21:24', 'normal');
INSERT INTO inventory (inventory_id, product_id, warehouse_id, storage_location, total_quantity, locked_quantity, available_quantity, unit, production_date, expiry_date, inventory_status) VALUES (64, 94, 5, 'Z-07-20', 703, 0, 703, 'pcs', '2025-08-11 15:10:23', '2026-07-30 13:37:30', 'normal');
INSERT INTO inventory (inventory_id, product_id, warehouse_id, storage_location, total_quantity, locked_quantity, available_quantity, unit, production_date, expiry_date, inventory_status) VALUES (65, 2, 2, 'Z-18-15', 591, 47, 544, 'pcs', '2025-08-13 23:24:36', '2026-08-08 09:20:38', 'normal');
INSERT INTO inventory (inventory_id, product_id, warehouse_id, storage_location, total_quantity, locked_quantity, available_quantity, unit, production_date, expiry_date, inventory_status) VALUES (66, 2, 1, 'Z-20-23', 938, 0, 938, 'pcs', '2025-03-29 10:17:26', '2026-08-26 08:02:32', 'normal');
INSERT INTO inventory (inventory_id, product_id, warehouse_id, storage_location, total_quantity, locked_quantity, available_quantity, unit, production_date, expiry_date, inventory_status) VALUES (67, 95, 5, 'Z-19-07', 216, 0, 216, 'pcs', '2025-05-08 18:10:20', '2025-12-12 19:24:17', 'normal');
INSERT INTO inventory (inventory_id, product_id, warehouse_id, storage_location, total_quantity, locked_quantity, available_quantity, unit, production_date, expiry_date, inventory_status) VALUES (68, 77, 4, 'Z-10-50', 862, 56, 806, 'pcs', '2025-08-06 20:45:45', '2025-12-23 11:27:04', 'normal');
INSERT INTO inventory (inventory_id, product_id, warehouse_id, storage_location, total_quantity, locked_quantity, available_quantity, unit, production_date, expiry_date, inventory_status) VALUES (69, 85, 1, 'Z-02-39', 212, 21, 191, 'pcs', '2025-05-27 04:45:57', '2026-08-12 08:55:27', 'normal');
INSERT INTO inventory (inventory_id, product_id, warehouse_id, storage_location, total_quantity, locked_quantity, available_quantity, unit, production_date, expiry_date, inventory_status) VALUES (70, 29, 3, 'Z-04-35', 882, 0, 882, 'pcs', '2025-09-12 10:49:07', '2026-11-19 03:23:56', 'normal');
INSERT INTO inventory (inventory_id, product_id, warehouse_id, storage_location, total_quantity, locked_quantity, available_quantity, unit, production_date, expiry_date, inventory_status) VALUES (71, 28, 4, 'Z-10-10', 325, 0, 325, 'pcs', '2024-12-02 09:04:32', '2026-08-23 14:37:15', 'normal');
INSERT INTO inventory (inventory_id, product_id, warehouse_id, storage_location, total_quantity, locked_quantity, available_quantity, unit, production_date, expiry_date, inventory_status) VALUES (72, 62, 5, 'Z-07-20', 703, 0, 703, 'pcs', '2025-09-30 01:42:27', '2026-11-05 14:54:46', 'normal');
INSERT INTO inventory (inventory_id, product_id, warehouse_id, storage_location, total_quantity, locked_quantity, available_quantity, unit, production_date, expiry_date, inventory_status) VALUES (73, 26, 4, 'Z-11-49', 167, 0, 167, 'pcs', '2025-11-13 10:01:29', '2026-07-07 01:54:46', 'normal');
INSERT INTO inventory (inventory_id, product_id, warehouse_id, storage_location, total_quantity, locked_quantity, available_quantity, unit, production_date, expiry_date, inventory_status) VALUES (74, 88, 2, 'Z-06-07', 305, 0, 305, 'pcs', '2025-10-18 06:36:52', '2026-08-06 08:02:54', 'normal');
INSERT INTO inventory (inventory_id, product_id, warehouse_id, storage_location, total_quantity, locked_quantity, available_quantity, unit, production_date, expiry_date, inventory_status) VALUES (75, 20, 3, 'Z-08-28', 844, 69, 775, 'pcs', '2025-08-13 22:37:11', '2026-04-19 16:00:48', 'normal');
INSERT INTO inventory (inventory_id, product_id, warehouse_id, storage_location, total_quantity, locked_quantity, available_quantity, unit, production_date, expiry_date, inventory_status) VALUES (76, 82, 2, 'Z-06-28', 291, 0, 291, 'pcs', '2025-07-15 06:11:29', '2026-01-23 04:44:52', 'normal');
INSERT INTO inventory (inventory_id, product_id, warehouse_id, storage_location, total_quantity, locked_quantity, available_quantity, unit, production_date, expiry_date, inventory_status) VALUES (77, 70, 2, 'Z-20-58', 310, 0, 310, 'pcs', '2025-06-14 02:05:16', '2026-05-23 01:18:10', 'normal');
INSERT INTO inventory (inventory_id, product_id, warehouse_id, storage_location, total_quantity, locked_quantity, available_quantity, unit, production_date, expiry_date, inventory_status) VALUES (78, 54, 3, 'Z-10-36', 242, 0, 242, 'pcs', '2025-04-19 15:12:28', '2026-06-07 19:27:04', 'normal');
INSERT INTO inventory (inventory_id, product_id, warehouse_id, storage_location, total_quantity, locked_quantity, available_quantity, unit, production_date, expiry_date, inventory_status) VALUES (79, 88, 3, 'Z-04-35', 884, 95, 789, 'pcs', '2024-12-11 09:56:28', '2026-11-18 22:57:16', 'normal');
INSERT INTO inventory (inventory_id, product_id, warehouse_id, storage_location, total_quantity, locked_quantity, available_quantity, unit, production_date, expiry_date, inventory_status) VALUES (80, 68, 1, 'Z-07-20', 167, 0, 167, 'pcs', '2025-05-27 00:49:00', '2026-08-08 22:49:03', 'normal');
INSERT INTO inventory (inventory_id, product_id, warehouse_id, storage_location, total_quantity, locked_quantity, available_quantity, unit, production_date, expiry_date, inventory_status) VALUES (81, 29, 2, 'Z-01-11', 607, 0, 607, 'pcs', '2025-06-08 18:08:31', '2026-04-27 10:30:17', 'normal');
INSERT INTO inventory (inventory_id, product_id, warehouse_id, storage_location, total_quantity, locked_quantity, available_quantity, unit, production_date, expiry_date, inventory_status) VALUES (82, 53, 5, 'Z-14-54', 935, 0, 935, 'pcs', '2025-02-15 03:15:55', '2026-02-12 13:55:38', 'normal');
INSERT INTO inventory (inventory_id, product_id, warehouse_id, storage_location, total_quantity, locked_quantity, available_quantity, unit, production_date, expiry_date, inventory_status) VALUES (83, 9, 5, 'Z-18-43', 773, 63, 710, 'pcs', '2025-06-19 03:51:26', '2026-09-12 21:58:58', 'normal');
INSERT INTO inventory (inventory_id, product_id, warehouse_id, storage_location, total_quantity, locked_quantity, available_quantity, unit, production_date, expiry_date, inventory_status) VALUES (84, 78, 2, 'Z-06-28', 782, 16, 766, 'pcs', '2025-01-25 07:26:47', '2026-02-16 10:24:56', 'normal');
INSERT INTO inventory (inventory_id, product_id, warehouse_id, storage_location, total_quantity, locked_quantity, available_quantity, unit, production_date, expiry_date, inventory_status) VALUES (85, 73, 2, 'Z-02-54', 169, 0, 169, 'pcs', '2025-09-19 04:39:35', '2026-07-10 21:39:43', 'normal');
INSERT INTO inventory (inventory_id, product_id, warehouse_id, storage_location, total_quantity, locked_quantity, available_quantity, unit, production_date, expiry_date, inventory_status) VALUES (86, 78, 1, 'Z-01-11', 672, 0, 672, 'pcs', '2025-02-09 17:01:47', '2026-08-13 17:13:49', 'normal');
INSERT INTO inventory (inventory_id, product_id, warehouse_id, storage_location, total_quantity, locked_quantity, available_quantity, unit, production_date, expiry_date, inventory_status) VALUES (87, 27, 3, 'Z-15-18', 417, 14, 403, 'pcs', '2025-05-01 15:14:19', '2026-09-10 12:40:50', 'normal');
INSERT INTO inventory (inventory_id, product_id, warehouse_id, storage_location, total_quantity, locked_quantity, available_quantity, unit, production_date, expiry_date, inventory_status) VALUES (88, 96, 2, 'Z-02-17', 437, 0, 437, 'pcs', '2025-01-21 10:55:31', '2026-05-29 15:57:15', 'normal');
INSERT INTO inventory (inventory_id, product_id, warehouse_id, storage_location, total_quantity, locked_quantity, available_quantity, unit, production_date, expiry_date, inventory_status) VALUES (89, 9, 2, 'Z-01-30', 630, 76, 554, 'pcs', '2025-04-27 15:53:37', '2026-11-11 01:50:25', 'normal');
INSERT INTO inventory (inventory_id, product_id, warehouse_id, storage_location, total_quantity, locked_quantity, available_quantity, unit, production_date, expiry_date, inventory_status) VALUES (90, 88, 1, 'Z-08-44', 2, 0, 2, 'pcs', '2025-08-23 18:01:10', '2025-12-02 15:23:23', 'normal');
INSERT INTO inventory (inventory_id, product_id, warehouse_id, storage_location, total_quantity, locked_quantity, available_quantity, unit, production_date, expiry_date, inventory_status) VALUES (91, 61, 3, 'Z-14-16', 840, 0, 840, 'pcs', '2025-06-02 08:32:17', '2026-03-17 08:21:54', 'normal');
INSERT INTO inventory (inventory_id, product_id, warehouse_id, storage_location, total_quantity, locked_quantity, available_quantity, unit, production_date, expiry_date, inventory_status) VALUES (92, 84, 2, 'Z-01-09', 82, 0, 82, 'pcs', '2025-03-15 10:42:59', '2026-10-24 18:19:07', 'normal');
INSERT INTO inventory (inventory_id, product_id, warehouse_id, storage_location, total_quantity, locked_quantity, available_quantity, unit, production_date, expiry_date, inventory_status) VALUES (93, 4, 5, 'Z-18-16', 586, 0, 586, 'pcs', '2025-11-26 20:40:12', '2026-03-26 01:03:48', 'normal');
INSERT INTO inventory (inventory_id, product_id, warehouse_id, storage_location, total_quantity, locked_quantity, available_quantity, unit, production_date, expiry_date, inventory_status) VALUES (94, 94, 2, 'Z-10-08', 240, 96, 144, 'pcs', '2025-05-05 00:30:45', '2026-06-02 03:12:07', 'normal');
INSERT INTO inventory (inventory_id, product_id, warehouse_id, storage_location, total_quantity, locked_quantity, available_quantity, unit, production_date, expiry_date, inventory_status) VALUES (95, 40, 3, 'Z-17-22', 783, 55, 728, 'pcs', '2025-06-10 10:40:28', '2026-08-09 00:56:04', 'normal');
INSERT INTO inventory (inventory_id, product_id, warehouse_id, storage_location, total_quantity, locked_quantity, available_quantity, unit, production_date, expiry_date, inventory_status) VALUES (96, 98, 5, 'Z-12-45', 429, 0, 429, 'pcs', '2025-09-02 08:08:30', '2026-05-17 07:34:08', 'normal');
INSERT INTO inventory (inventory_id, product_id, warehouse_id, storage_location, total_quantity, locked_quantity, available_quantity, unit, production_date, expiry_date, inventory_status) VALUES (97, 62, 3, 'Z-07-53', 186, 39, 147, 'pcs', '2024-12-13 06:03:58', '2026-05-10 22:50:47', 'normal');
INSERT INTO inventory (inventory_id, product_id, warehouse_id, storage_location, total_quantity, locked_quantity, available_quantity, unit, production_date, expiry_date, inventory_status) VALUES (98, 34, 5, 'Z-13-17', 674, 0, 674, 'pcs', '2025-02-27 05:27:01', '2026-10-30 21:57:05', 'normal');
INSERT INTO inventory (inventory_id, product_id, warehouse_id, storage_location, total_quantity, locked_quantity, available_quantity, unit, production_date, expiry_date, inventory_status) VALUES (99, 20, 1, 'Z-15-54', 218, 0, 218, 'pcs', '2025-01-04 20:41:31', '2026-11-12 06:37:01', 'normal');
INSERT INTO inventory (inventory_id, product_id, warehouse_id, storage_location, total_quantity, locked_quantity, available_quantity, unit, production_date, expiry_date, inventory_status) VALUES (100, 30, 4, 'Z-07-09', 836, 0, 836, 'pcs', '2025-11-15 20:55:03', '2026-01-07 18:14:21', 'normal');
INSERT INTO inventory (inventory_id, product_id, warehouse_id, storage_location, total_quantity, locked_quantity, available_quantity, unit, production_date, expiry_date, inventory_status) VALUES (101, 82, 4, 'Z-11-60', 903, 0, 903, 'pcs', '2025-10-28 03:12:04', '2025-12-15 13:20:41', 'normal');
INSERT INTO inventory (inventory_id, product_id, warehouse_id, storage_location, total_quantity, locked_quantity, available_quantity, unit, production_date, expiry_date, inventory_status) VALUES (102, 6, 2, 'Z-12-51', 673, 52, 621, 'pcs', '2025-09-13 23:34:17', '2026-08-12 09:40:02', 'normal');
INSERT INTO inventory (inventory_id, product_id, warehouse_id, storage_location, total_quantity, locked_quantity, available_quantity, unit, production_date, expiry_date, inventory_status) VALUES (103, 41, 2, 'Z-18-43', 291, 0, 291, 'pcs', '2024-12-02 07:09:06', '2026-03-01 01:41:39', 'normal');
INSERT INTO inventory (inventory_id, product_id, warehouse_id, storage_location, total_quantity, locked_quantity, available_quantity, unit, production_date, expiry_date, inventory_status) VALUES (104, 5, 3, 'Z-04-35', 466, 0, 466, 'pcs', '2024-12-03 10:29:48', '2026-10-03 21:45:19', 'normal');
INSERT INTO inventory (inventory_id, product_id, warehouse_id, storage_location, total_quantity, locked_quantity, available_quantity, unit, production_date, expiry_date, inventory_status) VALUES (105, 10, 1, 'Z-04-38', 776, 25, 751, 'pcs', '2025-10-10 14:35:29', '2026-02-08 19:28:42', 'normal');
INSERT INTO inventory (inventory_id, product_id, warehouse_id, storage_location, total_quantity, locked_quantity, available_quantity, unit, production_date, expiry_date, inventory_status) VALUES (106, 17, 4, 'Z-06-08', 128, 53, 75, 'pcs', '2025-08-13 14:21:02', '2026-05-21 07:04:14', 'normal');
INSERT INTO inventory (inventory_id, product_id, warehouse_id, storage_location, total_quantity, locked_quantity, available_quantity, unit, production_date, expiry_date, inventory_status) VALUES (107, 37, 2, 'Z-17-04', 83, 0, 83, 'pcs', '2025-05-24 02:05:26', '2026-08-30 04:29:46', 'normal');
INSERT INTO inventory (inventory_id, product_id, warehouse_id, storage_location, total_quantity, locked_quantity, available_quantity, unit, production_date, expiry_date, inventory_status) VALUES (108, 4, 4, 'Z-09-19', 434, 0, 434, 'pcs', '2025-10-26 15:28:31', '2026-07-28 00:40:30', 'normal');
INSERT INTO inventory (inventory_id, product_id, warehouse_id, storage_location, total_quantity, locked_quantity, available_quantity, unit, production_date, expiry_date, inventory_status) VALUES (109, 49, 5, 'Z-01-05', 688, 0, 688, 'pcs', '2025-05-06 09:00:10', '2026-10-10 00:45:35', 'normal');
INSERT INTO inventory (inventory_id, product_id, warehouse_id, storage_location, total_quantity, locked_quantity, available_quantity, unit, production_date, expiry_date, inventory_status) VALUES (110, 50, 2, 'Z-12-22', 103, 38, 65, 'pcs', '2025-06-13 09:12:56', '2026-08-11 18:29:36', 'normal');
INSERT INTO inventory (inventory_id, product_id, warehouse_id, storage_location, total_quantity, locked_quantity, available_quantity, unit, production_date, expiry_date, inventory_status) VALUES (111, 76, 2, 'Z-15-60', 592, 81, 511, 'pcs', '2025-04-21 03:24:38', '2026-09-30 04:20:53', 'normal');
INSERT INTO inventory (inventory_id, product_id, warehouse_id, storage_location, total_quantity, locked_quantity, available_quantity, unit, production_date, expiry_date, inventory_status) VALUES (112, 28, 5, 'Z-09-22', 505, 0, 505, 'pcs', '2025-03-26 10:41:31', '2026-01-24 11:43:55', 'normal');
INSERT INTO inventory (inventory_id, product_id, warehouse_id, storage_location, total_quantity, locked_quantity, available_quantity, unit, production_date, expiry_date, inventory_status) VALUES (113, 55, 4, 'Z-03-02', 483, 0, 483, 'pcs', '2025-04-09 20:01:52', '2026-07-14 22:42:35', 'normal');
INSERT INTO inventory (inventory_id, product_id, warehouse_id, storage_location, total_quantity, locked_quantity, available_quantity, unit, production_date, expiry_date, inventory_status) VALUES (114, 60, 5, 'Z-03-02', 919, 0, 919, 'pcs', '2025-06-22 10:25:27', '2026-11-22 11:21:01', 'normal');
INSERT INTO inventory (inventory_id, product_id, warehouse_id, storage_location, total_quantity, locked_quantity, available_quantity, unit, production_date, expiry_date, inventory_status) VALUES (115, 58, 5, 'Z-03-03', 655, 0, 655, 'pcs', '2025-11-04 01:33:20', '2026-02-18 14:18:00', 'normal');
INSERT INTO inventory (inventory_id, product_id, warehouse_id, storage_location, total_quantity, locked_quantity, available_quantity, unit, production_date, expiry_date, inventory_status) VALUES (116, 32, 1, 'Z-18-08', 732, 0, 732, 'pcs', '2025-10-06 14:05:24', '2026-08-26 09:40:52', 'normal');
INSERT INTO inventory (inventory_id, product_id, warehouse_id, storage_location, total_quantity, locked_quantity, available_quantity, unit, production_date, expiry_date, inventory_status) VALUES (117, 62, 3, 'Z-17-22', 878, 95, 783, 'pcs', '2025-04-18 05:45:21', '2026-04-20 17:15:20', 'normal');
INSERT INTO inventory (inventory_id, product_id, warehouse_id, storage_location, total_quantity, locked_quantity, available_quantity, unit, production_date, expiry_date, inventory_status) VALUES (118, 65, 3, 'Z-20-44', 524, 0, 524, 'pcs', '2025-07-06 01:38:15', '2026-10-17 14:54:08', 'normal');
INSERT INTO inventory (inventory_id, product_id, warehouse_id, storage_location, total_quantity, locked_quantity, available_quantity, unit, production_date, expiry_date, inventory_status) VALUES (119, 59, 3, 'Z-04-35', 446, 76, 370, 'pcs', '2025-11-03 00:55:01', '2026-06-21 05:47:24', 'normal');
INSERT INTO inventory (inventory_id, product_id, warehouse_id, storage_location, total_quantity, locked_quantity, available_quantity, unit, production_date, expiry_date, inventory_status) VALUES (120, 24, 3, 'Z-15-38', 720, 0, 720, 'pcs', '2025-09-02 03:00:28', '2026-07-20 21:50:39', 'normal');
INSERT INTO inventory (inventory_id, product_id, warehouse_id, storage_location, total_quantity, locked_quantity, available_quantity, unit, production_date, expiry_date, inventory_status) VALUES (121, 57, 4, 'Z-04-29', 142, 86, 56, 'pcs', '2025-01-01 09:10:25', '2026-09-18 06:48:07', 'normal');
INSERT INTO inventory (inventory_id, product_id, warehouse_id, storage_location, total_quantity, locked_quantity, available_quantity, unit, production_date, expiry_date, inventory_status) VALUES (122, 25, 2, 'Z-06-16', 316, 0, 316, 'pcs', '2025-03-12 16:05:54', '2026-01-26 11:02:28', 'normal');
INSERT INTO inventory (inventory_id, product_id, warehouse_id, storage_location, total_quantity, locked_quantity, available_quantity, unit, production_date, expiry_date, inventory_status) VALUES (123, 21, 4, 'Z-01-38', 313, 0, 313, 'pcs', '2025-11-27 20:07:28', '2026-09-18 17:15:29', 'normal');
INSERT INTO inventory (inventory_id, product_id, warehouse_id, storage_location, total_quantity, locked_quantity, available_quantity, unit, production_date, expiry_date, inventory_status) VALUES (124, 80, 1, 'Z-02-14', 898, 0, 898, 'pcs', '2025-10-05 09:13:53', '2026-01-22 04:36:42', 'normal');
INSERT INTO inventory (inventory_id, product_id, warehouse_id, storage_location, total_quantity, locked_quantity, available_quantity, unit, production_date, expiry_date, inventory_status) VALUES (125, 97, 2, 'Z-18-15', 196, 0, 196, 'pcs', '2025-08-11 11:15:41', '2026-02-10 07:27:30', 'normal');
INSERT INTO inventory (inventory_id, product_id, warehouse_id, storage_location, total_quantity, locked_quantity, available_quantity, unit, production_date, expiry_date, inventory_status) VALUES (126, 65, 5, 'Z-16-48', 500, 0, 500, 'pcs', '2025-10-20 18:42:53', '2026-05-22 09:22:56', 'normal');
INSERT INTO inventory (inventory_id, product_id, warehouse_id, storage_location, total_quantity, locked_quantity, available_quantity, unit, production_date, expiry_date, inventory_status) VALUES (127, 50, 5, 'Z-03-23', 339, 46, 293, 'pcs', '2025-11-10 00:29:51', '2026-11-11 11:33:53', 'normal');
INSERT INTO inventory (inventory_id, product_id, warehouse_id, storage_location, total_quantity, locked_quantity, available_quantity, unit, production_date, expiry_date, inventory_status) VALUES (128, 23, 4, 'Z-06-11', 860, 0, 860, 'pcs', '2024-12-04 13:52:10', '2026-07-03 20:40:26', 'normal');
INSERT INTO inventory (inventory_id, product_id, warehouse_id, storage_location, total_quantity, locked_quantity, available_quantity, unit, production_date, expiry_date, inventory_status) VALUES (129, 64, 3, 'Z-09-14', 875, 52, 823, 'pcs', '2025-05-17 11:56:04', '2026-03-18 09:17:03', 'normal');
INSERT INTO inventory (inventory_id, product_id, warehouse_id, storage_location, total_quantity, locked_quantity, available_quantity, unit, production_date, expiry_date, inventory_status) VALUES (130, 57, 3, 'Z-02-12', 204, 0, 204, 'pcs', '2025-05-21 19:46:43', '2026-05-26 06:32:39', 'normal');
INSERT INTO inventory (inventory_id, product_id, warehouse_id, storage_location, total_quantity, locked_quantity, available_quantity, unit, production_date, expiry_date, inventory_status) VALUES (131, 70, 1, 'Z-06-10', 797, 0, 797, 'pcs', '2025-10-05 18:06:11', '2026-06-03 16:10:13', 'normal');
INSERT INTO inventory (inventory_id, product_id, warehouse_id, storage_location, total_quantity, locked_quantity, available_quantity, unit, production_date, expiry_date, inventory_status) VALUES (132, 63, 3, 'Z-07-53', 824, 0, 824, 'pcs', '2025-09-05 22:10:12', '2026-05-14 01:39:10', 'normal');
INSERT INTO inventory (inventory_id, product_id, warehouse_id, storage_location, total_quantity, locked_quantity, available_quantity, unit, production_date, expiry_date, inventory_status) VALUES (133, 89, 5, 'Z-12-57', 257, 0, 257, 'pcs', '2025-06-18 14:34:13', '2026-05-30 20:58:20', 'normal');
INSERT INTO inventory (inventory_id, product_id, warehouse_id, storage_location, total_quantity, locked_quantity, available_quantity, unit, production_date, expiry_date, inventory_status) VALUES (134, 85, 2, 'Z-14-38', 261, 0, 261, 'pcs', '2024-12-19 10:44:35', '2026-11-30 19:23:32', 'normal');
INSERT INTO inventory (inventory_id, product_id, warehouse_id, storage_location, total_quantity, locked_quantity, available_quantity, unit, production_date, expiry_date, inventory_status) VALUES (135, 95, 2, 'Z-01-30', 479, 59, 420, 'pcs', '2025-09-03 20:39:38', '2026-06-13 04:34:45', 'normal');
INSERT INTO inventory (inventory_id, product_id, warehouse_id, storage_location, total_quantity, locked_quantity, available_quantity, unit, production_date, expiry_date, inventory_status) VALUES (136, 5, 4, 'Z-01-38', 337, 39, 298, 'pcs', '2025-05-14 01:33:31', '2025-12-06 23:58:13', 'normal');
INSERT INTO inventory (inventory_id, product_id, warehouse_id, storage_location, total_quantity, locked_quantity, available_quantity, unit, production_date, expiry_date, inventory_status) VALUES (137, 36, 4, 'Z-10-50', 453, 47, 406, 'pcs', '2025-08-02 20:15:20', '2026-04-27 19:07:33', 'normal');
INSERT INTO inventory (inventory_id, product_id, warehouse_id, storage_location, total_quantity, locked_quantity, available_quantity, unit, production_date, expiry_date, inventory_status) VALUES (138, 56, 1, 'Z-15-31', 337, 0, 337, 'pcs', '2025-03-17 00:13:10', '2026-10-23 15:36:10', 'normal');
INSERT INTO inventory (inventory_id, product_id, warehouse_id, storage_location, total_quantity, locked_quantity, available_quantity, unit, production_date, expiry_date, inventory_status) VALUES (139, 58, 4, 'Z-10-33', 4, 1, 3, 'pcs', '2025-02-26 18:45:05', '2026-03-28 12:47:07', 'normal');
INSERT INTO inventory (inventory_id, product_id, warehouse_id, storage_location, total_quantity, locked_quantity, available_quantity, unit, production_date, expiry_date, inventory_status) VALUES (140, 68, 3, 'Z-09-06', 493, 0, 493, 'pcs', '2025-09-27 23:19:16', '2026-05-25 14:27:03', 'normal');
INSERT INTO inventory (inventory_id, product_id, warehouse_id, storage_location, total_quantity, locked_quantity, available_quantity, unit, production_date, expiry_date, inventory_status) VALUES (141, 10, 3, 'Z-14-09', 792, 0, 792, 'pcs', '2025-07-19 23:22:24', '2026-08-21 21:22:36', 'normal');
INSERT INTO inventory (inventory_id, product_id, warehouse_id, storage_location, total_quantity, locked_quantity, available_quantity, unit, production_date, expiry_date, inventory_status) VALUES (142, 13, 2, 'Z-19-25', 48, 24, 24, 'pcs', '2025-01-06 18:25:08', '2026-08-08 07:03:25', 'normal');
INSERT INTO inventory (inventory_id, product_id, warehouse_id, storage_location, total_quantity, locked_quantity, available_quantity, unit, production_date, expiry_date, inventory_status) VALUES (143, 89, 2, 'Z-06-16', 320, 0, 320, 'pcs', '2025-02-25 19:31:32', '2026-08-18 08:05:57', 'normal');
INSERT INTO inventory (inventory_id, product_id, warehouse_id, storage_location, total_quantity, locked_quantity, available_quantity, unit, production_date, expiry_date, inventory_status) VALUES (144, 62, 5, 'Z-11-12', 98, 0, 98, 'pcs', '2025-09-08 20:27:10', '2026-09-02 23:30:47', 'normal');
INSERT INTO inventory (inventory_id, product_id, warehouse_id, storage_location, total_quantity, locked_quantity, available_quantity, unit, production_date, expiry_date, inventory_status) VALUES (145, 50, 5, 'Z-18-16', 918, 0, 918, 'pcs', '2025-01-04 03:56:16', '2026-09-03 13:11:50', 'normal');
INSERT INTO inventory (inventory_id, product_id, warehouse_id, storage_location, total_quantity, locked_quantity, available_quantity, unit, production_date, expiry_date, inventory_status) VALUES (146, 71, 5, 'Z-03-02', 266, 96, 170, 'pcs', '2025-05-19 03:06:51', '2026-04-04 07:00:37', 'normal');
INSERT INTO inventory (inventory_id, product_id, warehouse_id, storage_location, total_quantity, locked_quantity, available_quantity, unit, production_date, expiry_date, inventory_status) VALUES (147, 20, 4, 'Z-18-07', 739, 0, 739, 'pcs', '2025-05-04 13:32:30', '2026-03-05 09:09:24', 'normal');
INSERT INTO inventory (inventory_id, product_id, warehouse_id, storage_location, total_quantity, locked_quantity, available_quantity, unit, production_date, expiry_date, inventory_status) VALUES (148, 35, 5, 'Z-09-27', 271, 0, 271, 'pcs', '2025-07-28 02:38:40', '2026-11-08 01:06:28', 'normal');
INSERT INTO inventory (inventory_id, product_id, warehouse_id, storage_location, total_quantity, locked_quantity, available_quantity, unit, production_date, expiry_date, inventory_status) VALUES (149, 93, 1, 'Z-16-19', 451, 0, 451, 'pcs', '2025-10-30 19:35:56', '2026-09-05 07:14:47', 'normal');
INSERT INTO inventory (inventory_id, product_id, warehouse_id, storage_location, total_quantity, locked_quantity, available_quantity, unit, production_date, expiry_date, inventory_status) VALUES (150, 71, 5, 'Z-06-47', 65, 42, 23, 'pcs', '2025-10-14 11:09:46', '2026-03-10 11:05:21', 'normal');
INSERT INTO inventory (inventory_id, product_id, warehouse_id, storage_location, total_quantity, locked_quantity, available_quantity, unit, production_date, expiry_date, inventory_status) VALUES (151, 60, 2, 'Z-12-34', 361, 0, 361, 'pcs', '2025-01-23 02:33:13', '2026-09-16 00:37:40', 'normal');
INSERT INTO inventory (inventory_id, product_id, warehouse_id, storage_location, total_quantity, locked_quantity, available_quantity, unit, production_date, expiry_date, inventory_status) VALUES (152, 22, 3, 'Z-13-37', 387, 0, 387, 'pcs', '2024-12-01 18:37:00', '2026-01-06 18:17:13', 'normal');
INSERT INTO inventory (inventory_id, product_id, warehouse_id, storage_location, total_quantity, locked_quantity, available_quantity, unit, production_date, expiry_date, inventory_status) VALUES (153, 96, 5, 'Z-18-31', 23, 0, 23, 'pcs', '2025-07-31 11:02:05', '2026-11-20 01:07:33', 'normal');
INSERT INTO inventory (inventory_id, product_id, warehouse_id, storage_location, total_quantity, locked_quantity, available_quantity, unit, production_date, expiry_date, inventory_status) VALUES (154, 90, 1, 'Z-06-10', 849, 55, 794, 'pcs', '2025-08-06 11:27:53', '2026-05-21 10:49:33', 'normal');
INSERT INTO inventory (inventory_id, product_id, warehouse_id, storage_location, total_quantity, locked_quantity, available_quantity, unit, production_date, expiry_date, inventory_status) VALUES (155, 61, 5, 'Z-18-31', 689, 49, 640, 'pcs', '2025-03-22 04:06:34', '2026-01-12 14:40:56', 'normal');
INSERT INTO inventory (inventory_id, product_id, warehouse_id, storage_location, total_quantity, locked_quantity, available_quantity, unit, production_date, expiry_date, inventory_status) VALUES (156, 15, 2, 'Z-03-33', 193, 121, 72, 'pcs', '2025-09-08 17:45:15', '2026-10-26 01:13:38', 'normal');
INSERT INTO inventory (inventory_id, product_id, warehouse_id, storage_location, total_quantity, locked_quantity, available_quantity, unit, production_date, expiry_date, inventory_status) VALUES (157, 89, 5, 'Z-19-30', 889, 43, 846, 'pcs', '2025-06-26 03:31:03', '2026-01-22 18:34:58', 'normal');
INSERT INTO inventory (inventory_id, product_id, warehouse_id, storage_location, total_quantity, locked_quantity, available_quantity, unit, production_date, expiry_date, inventory_status) VALUES (158, 84, 1, 'Z-06-10', 54, 43, 11, 'pcs', '2025-08-02 04:27:42', '2026-02-12 07:23:27', 'normal');
INSERT INTO inventory (inventory_id, product_id, warehouse_id, storage_location, total_quantity, locked_quantity, available_quantity, unit, production_date, expiry_date, inventory_status) VALUES (159, 9, 2, 'Z-05-47', 500, 67, 433, 'pcs', '2025-08-24 19:43:42', '2026-07-25 06:26:15', 'normal');
INSERT INTO inventory (inventory_id, product_id, warehouse_id, storage_location, total_quantity, locked_quantity, available_quantity, unit, production_date, expiry_date, inventory_status) VALUES (160, 63, 1, 'Z-12-24', 865, 0, 865, 'pcs', '2025-09-04 10:23:05', '2026-01-19 10:20:05', 'normal');
INSERT INTO inventory (inventory_id, product_id, warehouse_id, storage_location, total_quantity, locked_quantity, available_quantity, unit, production_date, expiry_date, inventory_status) VALUES (161, 71, 1, 'Z-06-40', 108, 0, 108, 'pcs', '2025-04-29 02:54:02', '2026-02-14 09:24:44', 'normal');
INSERT INTO inventory (inventory_id, product_id, warehouse_id, storage_location, total_quantity, locked_quantity, available_quantity, unit, production_date, expiry_date, inventory_status) VALUES (162, 35, 1, 'Z-04-38', 162, 0, 162, 'pcs', '2025-09-23 23:25:16', '2025-12-14 02:12:03', 'normal');
INSERT INTO inventory (inventory_id, product_id, warehouse_id, storage_location, total_quantity, locked_quantity, available_quantity, unit, production_date, expiry_date, inventory_status) VALUES (163, 60, 1, 'Z-11-29', 753, 0, 753, 'pcs', '2025-04-12 07:16:03', '2026-01-25 23:43:53', 'normal');
INSERT INTO inventory (inventory_id, product_id, warehouse_id, storage_location, total_quantity, locked_quantity, available_quantity, unit, production_date, expiry_date, inventory_status) VALUES (164, 57, 3, 'Z-09-14', 107, 0, 107, 'pcs', '2024-12-18 01:17:44', '2026-05-05 11:50:05', 'normal');
INSERT INTO inventory (inventory_id, product_id, warehouse_id, storage_location, total_quantity, locked_quantity, available_quantity, unit, production_date, expiry_date, inventory_status) VALUES (165, 40, 1, 'Z-07-01', 985, 44, 941, 'pcs', '2025-03-15 23:36:45', '2026-04-12 20:12:29', 'normal');
INSERT INTO inventory (inventory_id, product_id, warehouse_id, storage_location, total_quantity, locked_quantity, available_quantity, unit, production_date, expiry_date, inventory_status) VALUES (166, 82, 5, 'Z-19-56', 64, 0, 64, 'pcs', '2025-06-24 11:25:36', '2026-06-03 13:07:00', 'normal');
INSERT INTO inventory (inventory_id, product_id, warehouse_id, storage_location, total_quantity, locked_quantity, available_quantity, unit, production_date, expiry_date, inventory_status) VALUES (167, 3, 2, 'Z-16-01', 590, 96, 494, 'pcs', '2025-10-13 12:01:26', '2026-01-03 04:59:58', 'normal');
INSERT INTO inventory (inventory_id, product_id, warehouse_id, storage_location, total_quantity, locked_quantity, available_quantity, unit, production_date, expiry_date, inventory_status) VALUES (168, 56, 5, 'Z-08-34', 482, 0, 482, 'pcs', '2025-01-17 16:48:02', '2026-11-05 15:01:54', 'normal');
INSERT INTO inventory (inventory_id, product_id, warehouse_id, storage_location, total_quantity, locked_quantity, available_quantity, unit, production_date, expiry_date, inventory_status) VALUES (169, 62, 1, 'Z-12-34', 877, 0, 877, 'pcs', '2025-11-23 19:44:39', '2026-02-15 15:17:06', 'normal');
INSERT INTO inventory (inventory_id, product_id, warehouse_id, storage_location, total_quantity, locked_quantity, available_quantity, unit, production_date, expiry_date, inventory_status) VALUES (170, 6, 3, 'Z-13-33', 262, 49, 213, 'pcs', '2025-08-08 22:12:09', '2026-05-24 23:01:19', 'normal');
INSERT INTO inventory (inventory_id, product_id, warehouse_id, storage_location, total_quantity, locked_quantity, available_quantity, unit, production_date, expiry_date, inventory_status) VALUES (171, 17, 5, 'Z-19-56', 235, 38, 197, 'pcs', '2025-07-22 16:51:15', '2026-04-20 21:20:15', 'normal');
INSERT INTO inventory (inventory_id, product_id, warehouse_id, storage_location, total_quantity, locked_quantity, available_quantity, unit, production_date, expiry_date, inventory_status) VALUES (172, 46, 3, 'Z-02-05', 221, 0, 221, 'pcs', '2025-10-17 07:08:29', '2026-01-10 02:35:32', 'normal');
INSERT INTO inventory (inventory_id, product_id, warehouse_id, storage_location, total_quantity, locked_quantity, available_quantity, unit, production_date, expiry_date, inventory_status) VALUES (173, 27, 5, 'Z-20-51', 563, 0, 563, 'pcs', '2025-11-10 14:42:43', '2026-07-08 05:13:16', 'normal');
INSERT INTO inventory (inventory_id, product_id, warehouse_id, storage_location, total_quantity, locked_quantity, available_quantity, unit, production_date, expiry_date, inventory_status) VALUES (174, 19, 3, 'Z-10-43', 339, 43, 296, 'pcs', '2025-07-04 13:00:39', '2026-07-20 18:34:16', 'normal');

SET FOREIGN_KEY_CHECKS=1;
